Brand,Style,Country,Stars
New Touch,Cup,Japan,3.75
Just Way,Pack,Taiwan,1.0
Nissin,Cup,USA,2.25
Wei Lih,Pack,Taiwan,2.75
Ching's Secret,Pack,India,3.75
Samyang Foods,Pack,South Korea,4.75
Acecook,Cup,Japan,4.0
Ikeda Shoku,Tray,Japan,3.75
Ripe'n'Dry,Pack,Japan,0.25
KOKA,Pack,Singapore,2.5
Tao Kae Noi,Pack,Thailand,5.0
Yamachan,Pack,USA,5.0
Nongshim,Pack,South Korea,4.25
Nissin,Bowl,Japan,4.5
Nissin,Pack,Hong Kong,5.0
KOKA,Cup,Singapore,3.5
TRDP,Pack,India,3.75
Yamachan,Pack,USA,5.0
Binh Tay,Pack,Vietnam,4.0
Paldo,Pack,South Korea,4.0
Nissin,Cup,Hong Kong,4.25
Jackpot Teriyaki,Pack,USA,5.0
KOKA,Cup,Singapore,5.0
Yamachan,Pack,USA,4.75
Ching's Secret,Pack,India,4.25
Samyang Foods,Bowl,South Korea,4.25
Yum-Mie,Pack,Ghana,3.5
Nissin,Bowl,Japan,4.75
MyKuali,Bowl,Malaysia,5.0
KOKA,Pack,Singapore,4.0
Samyang Foods,Pack,South Korea,5.0
Nissin,Pack,Indonesia,4.5
Sichuan Guangyou,Bowl,China,4.0
New Touch,Bowl,Japan,3.75
KOKA,Pack,Singapore,5.0
Lipton,Box,USA,1.5
KOKA,Cup,Singapore,5.0
Acecook,Tray,Japan,1.5
Nissin,Cup,USA,5.0
Wei Lih,Pack,Taiwan,3.25
Nissin,Cup,Hong Kong,3.75
Nissin,Cup,USA,5.0
Nissin,Cup,Singapore,5.0
Lele,Pack,Ghana,3.5
Nissin,Cup,USA,5.0
Fujiwara,Pack,Japan,4.0
Nongshim,Pack,South Korea,5.0
Nissin,Bowl,Japan,4.75
Uni-President,Pack,China,4.25
Ottogi,Pack,South Korea,2.0
Maruchan,Bowl,Japan,4.5
Prima,Pack,Singapore,5.0
Uni-President,Pack,Vietnam,0.0
Samyang Foods,Bowl,South Korea,4.5
Sokensha,Pack,Japan,3.5
Nissin,Pack,Singapore,5.0
Nongshim,Pack,South Korea,4.5
Takamori,Pack,Japan,5.0
Nissin,Pack,Singapore,4.5
Nissin,Cup,Singapore,5.0
Guava Story,Tray,South Korea,1.0
Samurai Ramen,Pack,Japan,4.0
Ikeda Shoku,Bowl,Japan,4.5
Fujiwara,Pack,Japan,3.5
Uni-President,Bowl,Taiwan,5.0
Ogasawara,Pack,Japan,4.5
Pringles,Can,USA,3.5
Mom's Dry Noodle,Pack,Taiwan,5.0
Samyang Foods,Bowl,South Korea,5.0
MyKuali,Pack,Malaysia,5.0
Maggi,Pack,India,3.5
Samyang Foods,Pack,South Korea,3.75
Indomie,Pack,Indonesia,4.0
KOKA,Pack,Singapore,3.75
Acecook,Bowl,Japan,3.5
Nongshim,Pack,South Korea,3.0
Sichuan Guangyou,Bowl,China,0.0
Indomie,Pack,Nigeria,1.5
Happy Cook,Pack,Taiwan,4.0
The Ramen Rater Select,Box,Malaysia,5.0
KOKA,Cup,Singapore,5.0
Nissin,Pack,Germany,3.75
Nissin,Cup,Germany,3.75
Nissin,Pack,Germany,4.5
Nissin,Cup,Germany,3.75
Nissin,Pack,Germany,3.5
Nissin,Cup,Germany,3.75
Nissin,Pack,Hungary,3.75
Nissin,Cup,Germany,5.0
Nissin,Pack,Germany,3.5
Nissin,Cup,Germany,3.0
Nissin,Pack,Germany,3.75
Nissin,Cup,Germany,4.5
Nissin,Pack,Germany,3.5
Nissin,Cup,Germany,3.0
Nissin,Pack,Germany,4.0
Paldo,Bowl,South Korea,5.0
TTL,Pack,Taiwan,4.75
Samyang Foods,Cup,South Korea,3.75
Acecook,Bowl,Japan,4.25
E-Zee,Pack,Malaysia,4.0
Kiki Noodle,Pack,Taiwan,5.0
Kiki Noodle,Pack,Taiwan,5.0
Samyang Foods,Bowl,South Korea,4.0
Maruchan,Bowl,Japan,4.75
Ottogi,Pack,South Korea,4.25
Tokyo Noodle,Pack,Japan,2.0
GGE,Pack,Taiwan,3.5
Nissin,Cup,Hong Kong,5.0
Myojo,Pack,USA,3.75
KOKA,Cup,Singapore,3.5
Acecook,Cup,Japan,4.25
Paldo,Pack,South Korea,3.5
Sau Tao,Pack,Hong Kong,4.0
Nissin,Cup,China,3.75
Wang,Bowl,South Korea,2.0
Nissin,Pack,Indonesia,3.25
TTL,Bowl,Taiwan,5.0
Fujiwara,Pack,Japan,4.5
Daifuku,Bowl,USA,5.0
Nissin,Pack,Japan,3.5
KOKA,Pack,Singapore,3.5
KOKA,Pack,Singapore,4.25
KOKA,Cup,Singapore,5.0
KOKA,Bowl,Singapore,3.25
KOKA,Pack,Singapore,4.5
KOKA,Bowl,Singapore,5.0
KOKA,Pack,Singapore,5.0
KOKA,Pack,Singapore,4.0
KOKA,Pack,Singapore,5.0
KOKA,Cup,Singapore,3.5
KOKA,Pack,Singapore,3.0
KOKA,Cup,Singapore,5.0
KOKA,Pack,Singapore,4.25
KOKA,Bowl,Singapore,5.0
KOKA,Cup,Singapore,3.75
Nissin,Cup,Mexico,3.5
MyKuali,Box,Japan,5.0
Master Kong,Pack,China,4.5
Uni-President,Bowl,Taiwan,5.0
World O' Noodle,Pack,Indonesia,5.0
Nissin,Bowl,Japan,4.5
Kang Shi Fu,Pack,Hong Kong,4.75
Mum Ngon,Pack,Vietnam,3.5
Happy Cook,Pack,Taiwan,4.25
Nissin,Cup,Japan,3.75
Fashion Food,Bowl,Thailand,3.5
Dream Kitchen,Bowl,USA,3.75
MyKuali,Pack,Malaysia,5.0
New Touch,Cup,Japan,4.0
TTL,Bowl,Taiwan,5.0
Ajinatori,Pack,Japan,2.5
Dr. McDougall's,Cup,USA,0.0
Nissin,Cup,Hong Kong,5.0
Samyang Foods,Pack,South Korea,3.75
Ve Wong,Pack,Taiwan,3.5
Nissin,Cup,Mexico,3.25
Uni-President,Pack,Taiwan,5.0
Nissin,Cup,China,3.75
MyKuali,Box,Japan,5.0
Myojo,Tray,Japan,4.5
Super Bihun,Pack,Indonesia,3.75
Xiuhe,Bowl,China,4.25
Nissin,Bowl,Japan,5.0
Little Cook,Bowl,Taiwan,5.0
Nissin,Cup,Hong Kong,2.5
Shirakiku,Pack,USA,3.25
Mama Pat's,Pack,USA,3.75
Mama Pat's,Pack,USA,3.75
Mama Pat's,Pack,USA,3.5
Mama Pat's,Pack,USA,3.75
Just Way,Pack,Taiwan,4.5
Sichuan Guangyou,Pack,China,0.25
Nissin,Cup,Hong Kong,4.0
MyKuali,Pack,Singapore,5.0
Goku-Uma,Bowl,USA,4.75
Maggi,Pack,India,3.75
Sichuan Baijia,Bowl,China,5.0
Nissin,Cup,Singapore,5.0
Indomie,Pack,Indonesia,4.0
Liang Cheng Mai,Tray,China,1.0
Samyang Foods,Bowl,South Korea,4.0
Maggi,Pack,Fiji,3.25
Master Kong,Pack,China,4.25
Nissin,Cup,Hong Kong,3.75
Ripe'n'Dry,Pack,Japan,3.0
MyKuali,Bowl,Malaysia,5.0
Ottogi,Pack,South Korea,5.0
Nissin,Cup,Hong Kong,3.75
Gefen,Cup,USA,4.0
Hua Feng,Pack,China,4.25
Nissin,Bowl,Hong Kong,3.5
Maggi,Pack,Fiji,4.0
Uni-President,Bowl,Taiwan,4.75
Sichuan Guangyou,Pack,China,4.25
Nissin,Cup,USA,3.5
Nongshim,Cup,South Korea,0.5
Nissin,Cup,Hong Kong,4.75
Pulmuone,Pack,South Korea,3.75
Nissin,Cup,USA,2.5
Sau Tao,Pack,Hong Kong,4.5
MyKuali,Box,Malaysia,5.0
Nissin,Cup,Thailand,3.25
Uni-President,Bowl,Taiwan,5.0
World O' Noodle,Pack,Indonesia,4.5
Nissin,Pack,India,4.5
Liu Quan,Bowl,China,4.0
Daikoku,Cup,Japan,3.5
Samyang Foods,Pack,South Korea,4.5
Samyang Foods,Pack,South Korea,4.25
Samyang Foods,Pack,South Korea,3.75
Samyang Foods,Pack,South Korea,4.0
Samyang Foods,Pack,South Korea,5.0
Samyang Foods,Pack,South Korea,5.0
Samyang Foods,Pack,South Korea,4.0
Samyang Foods,Pack,South Korea,4.0
Chuan Wei Wang,Bowl,China,4.0
Nissin,Bowl,Hong Kong,5.0
Wai Wai,Pack,India,2.0
Daikoku,Cup,Japan,2.0
Sichuan Baijia,Bowl,China,4.0
Kamfen,Bowl,Hong Kong,5.0
Nongshim,Cup,South Korea,4.0
Marutai,Pack,Japan,4.0
Vifon,Bowl,Vietnam,5.0
Nissin,Cup,Japan,4.0
Uni-President,Pack,Taiwan,1.0
1 To 3 Noodles,Pack,India,4.0
Nissin,Cup,Hong Kong,4.0
Fantastic,Cup,Australia,3.0
Ripe'n'Dry,Pack,Japan,3.0
Nissin,Bowl,Hong Kong,3.0
Knorr,Pack,Pakistan,1.0
Sempio,Pack,South Korea,5.0
Nissin,Cup,Mexico,4.0
Nissin,Cup,Mexico,4.0
Nissin,Pack,Mexico,4.0
Nissin,Cup,Mexico,4.0
Nissin,Cup,Mexico,4.0
Nissin,Cup,Mexico,3.0
Nissin,Pack,Mexico,4.0
Nissin,Cup,Mexico,3.0
Nissin,Cup,Mexico,3.0
Nissin,Cup,Mexico,5.0
Nissin,Cup,Mexico,4.0
Nissin,Cup,Mexico,4.0
Nissin,Pack,Mexico,4.0
Nissin,Cup,Mexico,4.0
Ve Wong,Pack,Taiwan,4.0
Patanjali,Pack,India,5.0
Qin Zong,Pack,China,3.0
Nissin,Cup,USA,4.0
Nissin,Cup,Hong Kong,4.0
Pran,Pack,Bangladesh,4.0
Paldo,Pack,South Korea,5.0
Ogasawara,Pack,Japan,5.0
Sapporo Ichiban,Bowl,Japan,3.0
Sau Tao,Bowl,Hong Kong,5.0
Nissin,Cup,Japan,4.0
Nongshim,Bowl,South Korea,3.5
Happy Cook,Pack,Taiwan,5.0
MAMA,Bowl,Thailand,4.0
Nissin,Cup,Japan,5.0
Goku-Uma,Bowl,USA,3.0
Nissin,Cup,Hong Kong,4.0
Xiao Ban Mian,Pack,Taiwan,3.5
Xiao Ban Mian,Pack,Taiwan,5.0
Xiao Ban Mian,Pack,Taiwan,3.8
Pran,Pack,Bangladesh,4.0
Nissin,Cup,Hong Kong,4.0
Fantastic,Cup,Australia,4.0
Ottogi,Pack,Mexico,4.0
Nissin,Cup,Hong Kong,4.0
Ajinatori,Pack,Japan,4.0
Maggi,Pack,India,5.0
Maruchan,Pack,Mexico,3.0
Nissin,Tray,Japan,5.0
Suimin,Cup,Australia,3.0
Nissin,Pack,Hong Kong,4.0
Cintan,Pack,Malaysia,3.0
Nissin,Cup,USA,4.0
Chuan Wei Wang,Bowl,China,3.0
Suimin,Cup,Australia,3.0
Nissin,Cup,China,4.0
Sapporo Ichiban,Bowl,Japan,4.0
Nissin,Pack,Hong Kong,5.0
Sichuan Baijia,Pack,China,5.0
Samyang Foods,Pack,South Korea,4.0
Nissin,Pack,Hong Kong,5.0
Myojo,Bowl,Japan,4.0
Nissin,Cup,Hong Kong,4.0
Master Kong,Pack,China,0.0
Kamfen,Bowl,Hong Kong,4.0
Fantastic,Cup,Australia,3.0
Nissin,Cup,Hong Kong,4.0
Nissin,Pack,Japan,5.0
Samyang Foods,Pack,South Korea,5.0
Nissin,Cup,Hong Kong,4.0
Sichuan Baijia,Pack,China,4.0
Nissin,Bowl,Hong Kong,5.0
Nissin,Pack,Japan,5.0
Goku-Uma,Bowl,USA,3.0
Nissin,Cup,USA,3.0
JML,Pack,China,4.0
Suimin,Cup,Australia,4.0
Uni-President,Bowl,Taiwan,4.0
Nissin,Bowl,Hong Kong,4.0
Sichuan Baijia,Pack,China,5.0
Samyang Foods,Pack,South Korea,4.0
Wai Wai,Pack,India,4.0
Nissin,Pack,Hong Kong,5.0
Shirakiku,Pack,USA,2.0
Nissin,Cup,Thailand,4.0
Nissin,Cup,Japan,3.0
Unif Tung-I,Pack,Taiwan,1.0
Sichuan Baijia,Pack,China,4.0
Dream Kitchen,Cup,USA,5.0
Tablemark,Bowl,Japan,4.0
Uni-President,Pack,Taiwan,5.0
Farmer's Heart,Bowl,USA,3.75
Kamfen,Bowl,Hong Kong,4.3
Fuku,Pack,Hong Kong,2.3
Goku-Uma,Bowl,USA,3.0
Daikoku,Tray,Japan,5.0
Nissin,Cup,Thailand,3.0
Singa-Me,Cup,Australia,4.0
New Touch,Bowl,Japan,5.0
Ottogi,Pack,Mexico,4.0
Nissin,Pack,Hong Kong,4.0
Love Cook,Pack,Taiwan,4.0
Nongshim,Cup,USA,5.0
Nissin,Bowl,Japan,5.0
Dream Kitchen,Cup,USA,4.0
Nissin,Cup,Hong Kong,4.0
Kang Shi Fu,Pack,Hong Kong,4.0
Nissin,Cup,Hong Kong,4.0
Great Value,Cup,Canada,3.0
Fuku,Pack,Hong Kong,4.0
Wang,Bowl,South Korea,3.0
Nissin,Cup,USA,4.0
Asian Thai Foods,Pack,Nepal,1.0
Nissin,Cup,Japan,5.0
Maruchan,Bowl,Japan,4.0
Fashion Food,Bowl,Thailand,4.0
Paldo,Bowl,South Korea,5.0
Nissin,Cup,Hong Kong,4.0
Nissin,Bowl,Japan,5.0
Fantastic,Cup,Australia,4.0
Marutai,Pack,Japan,4.0
Kang Shi Fu,Pack,Hong Kong,4.0
Nissin,Bowl,Japan,5.0
Maruchan,Pack,USA,4.0
Nagatanien,Pack,Japan,3.0
Fuku,Bowl,Hong Kong,4.0
Wai Wai,Pack,India,4.0
KOKA,Pack,Singapore,4.0
Nyor Nyar,Pack,Malaysia,5.0
Nissin,Cup,Japan,5.0
Paldo,Pack,South Korea,5.0
Fantastic,Cup,Australia,1.0
Tseng Noodles,Pack,Taiwan,4.0
Nissin,Pack,Hong Kong,5.0
A-Sha Dry Noodle,Tray,Taiwan,3.0
Myojo,Pack,Singapore,5.0
Sapporo Ichiban,Bowl,Japan,4.0
Acecook,Pack,Vietnam,4.0
Paldo,Pack,South Korea,4.0
Nissin,Cup,Thailand,3.0
Morre,Pack,Pakistan,4.0
Nissin,Pack,Hong Kong,5.0
Roland,Pack,USA,0.0
Nissin,Cup,Hong Kong,3.0
Nissin,Bowl,Japan,5.0
Maruchan,Bowl,USA,4.0
Nissin,Cup,Brazil,4.0
Nongshim,Bowl,USA,4.0
Nissin,Cup,Hong Kong,4.0
Mr. Lee's Noodles,Cup,UK,2.0
Mr. Lee's Noodles,Cup,UK,5.0
Mr. Lee's Noodles,Cup,UK,3.0
Mr. Lee's Noodles,Cup,UK,3.0
Mr. Lee's Noodles,Cup,UK,5.0
Mr. Lee's Noodles,Cup,UK,3.3
Nissin,Bowl,Japan,5.0
Fuku,Pack,Hong Kong,4.0
Knorr,Pack,Pakistan,3.0
Nyor Nyar,Pack,Malaysia,5.0
Choumama,Pack,Taiwan,4.0
Myojo,Bowl,Japan,4.75
Nissin,Cup,Hong Kong,4.0
Singa-Me,Cup,Australia,2.5
Pulmuone,Pack,South Korea,5.0
Master Kong,Pack,China,4.0
Nissin,Pack,Japan,5.0
President Rice,Bowl,Thailand,2.75
MAMA,Pack,Thailand,3.5
MAMA,Pack,Thailand,3.5
MAMA,Pack,Thailand,4.0
MAMA,Bowl,Thailand,3.0
MAMA,Pack,Thailand,5.0
MAMA,Pack,Thailand,4.0
MAMA,Pack,Thailand,4.0
MAMA,Pack,Thailand,5.0
MAMA,Pack,Thailand,4.0
MAMA,Cup,Thailand,5.0
MAMA,Pack,Thailand,4.0
MAMA,Pack,Thailand,4.0
MAMA,Pack,Thailand,4.0
Maruchan,Pack,USA,4.0
Happy Family,Pack,Singapore,4.0
Tseng Noodles,Pack,Taiwan,5.0
Great Value,Cup,Canada,3.0
JML,Pack,China,4.0
Suimin,Cup,Australia,3.0
Tseng Noodles,Pack,Taiwan,5.0
Nissin,Bowl,Japan,4.0
Tseng Noodles,Pack,Taiwan,5.0
Nongshim,Pack,South Korea,5.0
Menraku,Bowl,Japan,5.0
La Moderna,Pack,Mexico,3.0
A-Sha Dry Noodle,Tray,Taiwan,5.0
Master Kong,Pack,China,4.0
A-Sha Dry Noodle,Tray,Taiwan,2.0
Jingqi,Pack,Taiwan,4.0
Jingqi,Pack,Taiwan,4.0
Jingqi,Pack,Taiwan,4.0
Jingqi,Pack,Taiwan,5.0
Jingqi,Pack,Taiwan,5.0
Jingqi,Pack,Taiwan,3.0
Jingqi,Pack,Taiwan,5.0
Jingqi,Pack,Taiwan,5.0
Maruchan,Cup,USA,3.0
Sapporo Ichiban,Bowl,Japan,3.0
Dream Kitchen,Cup,USA,3.0
Nissin,Pack,Brazil,4.0
Thien Houng Foods,Pack,Vietnam,3.0
Maruchan,Bowl,USA,4.0
Nissin,Bowl,Japan,5.0
Wang,Bowl,South Korea,5.0
Fuku,Pack,Hong Kong,4.0
Fuku,Pack,Hong Kong,4.0
Nissin,Pack,Hong Kong,4.0
Nissin,Pack,Hong Kong,4.0
Doll,Pack,Hong Kong,2.0
Four Seas,Pack,Hong Kong,4.0
Nissin,Bowl,Japan,5.0
Maruchan,Cup,USA,5.0
Myojo,Pack,Singapore,4.0
Kang Shi Fu,Pack,Hong Kong,4.0
CarJEN,Pack,Malaysia,5.0
Sapporo Ichiban,Cup,Japan,4.0
Suimin,Cup,Australia,2.25
Nissin,Bowl,Japan,5.0
Happy Family,Pack,Singapore,4.0
7 Select,Bowl,Thailand,3.5
Nissin,Cup,Thailand,5.0
Nissin,Pack,Thailand,5.0
Nissin,Pack,Thailand,4.0
Nissin,Cup,Thailand,3.5
Nissin,Cup,Thailand,3.5
Nissin,Cup,Thailand,3.25
7 Select,Bowl,Thailand,4.0
Nissin,Pack,Thailand,4.0
Nissin,Cup,Thailand,4.0
Nissin,Pack,Thailand,3.5
Nissin,Cup,Thailand,4.0
Nissin,Pack,Thailand,4.0
Nissin,Cup,Hong Kong,3.75
Great Value,Pack,Canada,3.0
Oni Hot Pot,Pack,Taiwan,4.3
Weh Lih,Pack,Taiwan,1.0
Nissin,Pack,Brazil,4.5
Itomen,Pack,Japan,3.5
Maruchan,Pack,USA,3.0
Wang,Bowl,South Korea,4.0
Roland,Pack,USA,0.0
Nissin,Cup,Japan,5.0
Samyang Foods,Pack,South Korea,4.0
Myojo,Pack,Singapore,4.0
Sanpo,Bowl,Japan,4.0
Nongshim,Cup,USA,5.0
CarJEN,Pack,Malaysia,5.0
Maruchan,Bowl,Japan,4.0
Nissin,Pack,Singapore,5.0
Nongshim,Pack,South Korea,5.0
Oni Hot Pot,Pack,Taiwan,2.0
Doll,Pack,Hong Kong,4.0
MyKuali,Cup,Malaysia,5.0
Nissin,Pack,Hong Kong,5.0
Nissin,Cup,Hong Kong,5.0
Nissin,Bowl,Hong Kong,4.0
Nissin,Pack,Hong Kong,4.0
Nissin,Pack,Hong Kong,5.0
Fuku,Bowl,Hong Kong,5.0
Nissin,Pack,Hong Kong,5.0
Nissin,Pack,Hong Kong,5.0
Nissin,Cup,Hong Kong,4.0
Nissin,Cup,Hong Kong,4.0
Fuku,Pack,Hong Kong,4.0
Nissin,Cup,Hong Kong,5.0
Nissin,Cup,Hong Kong,4.0
Nissin,Cup,Hong Kong,5.0
Nissin,Bowl,Hong Kong,3.75
Mi Sedaap,Pack,Indonesia,4.5
Nissin,Cup,Mexico,3.5
Great Value,Pack,Canada,4.0
Maruchan,Bowl,USA,5.0
A-Sha Dry Noodle,Pack,Taiwan,5.0
Tokushima Seifun,Bowl,Japan,1.75
Doll,Pack,Hong Kong,3.75
Maggi,Pack,Australia,5.0
Samyang Foods,Pack,South Korea,4.5
Marutai,Pack,Japan,5.0
Four Seas,Pack,Hong Kong,3.0
Nongshim,Pack,USA,5.0
Mamee,Pack,Hong Kong,3.25
Ottogi,Pack,Mexico,3.75
Kamfen,Tray,Hong Kong,4.25
Nissin,Cup,Japan,5.0
Four Seas,Pack,Hong Kong,2.5
Zow Zow,Pack,Thailand,3.75
Nissin,Cup,Mexico,3.75
Koyo,Pack,USA,0.0
Nissin,Bowl,Japan,5.0
Suimin,Cup,Australia,3.25
Maruchan,Cup,USA,3.75
Indomie,Cup,Indonesia,3.5
Master Kong,Pack,China,3.5
MyKuali,Cup,Malaysia,5.0
Ottogi,Pack,Mexico,4.0
Acecook,Bowl,Japan,3.8
Oni Hot Pot,Pack,Taiwan,5.0
E-Zee,Pack,Malaysia,4.0
Great Value,Pack,Canada,3.5
Doll,Cup,Hong Kong,3.0
ORee Garden,Bowl,Malaysia,5.0
Suimin,Cup,Australia,4.3
Master Kong,Pack,China,4.5
Nissin,Cup,Brazil,5.0
Tokushima Seifun,Bowl,Japan,5.0
A1,Pack,Malaysia,1.5
Migawon,Pack,South Korea,3.5
A-Sha Dry Noodle,Pack,Taiwan,4.25
Acecook,Cup,Japan,3.5
Fantastic,Cup,Australia,3.25
Chaudhary's Wai Wai,Pack,India,2.5
Kamfen,Bowl,Hong Kong,3.75
CarJEN,Pack,Malaysia,5.0
Myojo,Pack,Japan,3.75
Singa-Me,Cup,Australia,2.0
Maruchan,Pack,Mexico,3.5
Nissin,Bowl,Japan,5.0
MyKuali,Cup,Malaysia,4.75
Urban Noodle,Cup,UK,2.0
Urban Noodle,Cup,UK,2.5
Urban Noodle,Cup,UK,0.0
Urban Noodle,Cup,UK,3.0
Urban Noodle,Cup,UK,5.0
Kang Shi Fu,Pack,China,3.5
Acecook,Cup,Japan,3.75
Pulmuone,Pack,South Korea,4.0
Samyang Foods,Bowl,South Korea,0.0
Great Value,Cup,Canada,3.5
E-Zee,Pack,Malaysia,5.0
Oni Hot Pot,Pack,Taiwan,4.5
Great Value,Pack,Canada,3.5
MAMA,Pack,Thailand,2.0
Trident,Pack,Australia,2.0
MAMA,Pack,Myanmar,3.75
Conimex,Cup,Netherlands,3.0
Sichuan Baijia,Bowl,China,3.5
Nongshim,Pack,United States,3.75
Kamfen,Bowl,Hong Kong,3.75
A-Sha Dry Noodle,Pack,Taiwan,4.5
Nissin,Bowl,Japan,3.75
Nissin,Bowl,Japan,5.0
Nissin,Cup,Japan,3.8
Nissin,Cup,Japan,4.0
Nissin,Bowl,Japan,5.0
Nissin,Cup,Japan,5.0
Nissin,Bowl,Japan,5.0
Nissin,Cup,Japan,4.3
Nissin,Cup,Japan,4.0
Nissin,Cup,Japan,5.0
Nissin,Bowl,Japan,5.0
Nissin,Pack,Japan,5.0
Nissin,Cup,Japan,4.5
Nissin,Cup,Japan,5.0
Nissin,Cup,Japan,5.0
MyKuali,Pack,Malaysia,5.0
MAMA,Pack,Myanmar,3.5
Nissin,Bowl,Japan,4.5
A-Sha Dry Noodle,Pack,Taiwan,4.25
Prima Taste,Pack,Singapore,5.0
Nissin,Cup,Hong Kong,5.0
Tokushima Seifun,Pack,Japan,4.0
Master Kong,Pack,China,4.0
MyKuali,Pack,Malaysia,5.0
Suimin,Cup,Australia,3.5
Nissin,Cup,Japan,3.0
CarJEN,Pack,Malaysia,5.0
MyOri,Pack,Malaysia,5.0
Itsuki,Pack,Japan,4.25
Nissin,Pack,Germany,3.25
Samyang Foods,Pack,South Korea,5.0
Nissin,Pack,Brazil,4.25
Doll,Pack,Hong Kong,2.75
Fujiwara,Pack,Japan,3.5
MyOri,Pack,Malaysia,5.0
Nongshim,Pack,USA,4.75
Nissin,Pack,USA,3.5
Tokushima Seifun,Pack,Japan,4.5
Wei Lih,Pack,Taiwan,3.75
MyKuali,Pack,Malaysia,5.0
MAMA,Pack,Myanmar,5.0
Kabuto Noodles,Cup,UK,3.75
Kabuto Noodles,Cup,UK,3.5
Kabuto Noodles,Cup,UK,4.25
Kabuto Noodles,Cup,UK,4.0
Myojo,Pack,Japan,4.0
IbuRamen,Tray,USA,4.0
MAMA,Cup,Thailand,4.0
Maruchan,Cup,Japan,0.0
Nissin,Pack,USA,4.75
Koh Thai,Pack,Netherlands,2.0
Prima Taste,Pack,Singapore,5.0
Ve Wong,Pack,Taiwan,3.75
Nissin,Cup,USA,4.25
Fujiwara,Pack,Japan,4.0
Bamee,Pack,Thailand,3.5
Sichuan Baijia,Pack,China,1.5
Prima Taste,Pack,Singapore,5.0
Nissin,Pack,Japan,4.75
MAMA,Pack,Bangladesh,3.5
Wei Lih,Pack,Taiwan,5.0
New Touch,Bowl,Japan,5.0
Ibumie,Pack,Malaysia,3.5
Unox,Pack,Netherlands,2.5
Nissin,Cup,Japan,5.0
MAMA,Pack,Myanmar,5.0
Nissin,Bowl,Japan,5.0
MAMA,Cup,Myanmar,3.75
Fortune,Pack,USA,1.0
Love Cook,Pack,Taiwan,3.75
Love Cook,Pack,Taiwan,5.0
Love Cook,Pack,Taiwan,4.5
Love Cook,Pack,Taiwan,3.75
Bonasia,Pack,Hungary,3.75
Koh Thai,Pack,Netherlands,0.25
MAMA,Pack,Cambodia,3.5
Bamee,Pack,Thailand,3.0
Marutai,Bowl,Japan,3.5
Nissin,Bowl,USA,4.0
Prima,Pack,Singapore,5.0
Sichuan Baijia,Pack,China,3.5
Conimex,Cup,Netherlands,0.5
Mie Sedaap,Cup,Indonesia,1.5
Nissin,Cup,USA,3.5
Itsuki,Pack,Japan,0.75
Maruchan,Bowl,Japan,4.5
iMee,Pack,Netherlands,3.5
IbuRamen,Tray,USA,0.25
Nissin,Pack,Germany,3.0
Itsuki,Bowl,Japan,4.5
Prima,Pack,Singapore,5.0
Thai Smile,Bowl,USA,0.0
MAMA,Pack,Myanmar,3.75
Nissin,Cup,Japan,5.0
Nissin,Tray,USA,3.0
Asia Gold,Pack,Hungary,3.5
Nissin,Bowl,Japan,4.75
Prima Taste,Pack,Singapore,5.0
Vifon,Pack,Vietnam,3.5
Pirkka,Pack,Finland,3.5
Bonasia,Pack,Hungary,3.0
Higashimaru,Pack,Japan,4.5
MAMA,Pack,Myanmar,5.0
Prima,Pack,Singapore,5.0
Ibumie,Pack,Malaysia,5.0
Koh Thai,Pack,Netherlands,1.5
Master Kong,Bowl,China,3.0
Nissin,Cup,Japan,3.5
Asia Gold,Pack,Hungary,3.5
Maruchan,Bowl,Japan,5.0
MAMA,Pack,Myanmar,2.75
Nissin,Cup,Japan,5.0
Ottogi,Pack,South Korea,4.0
Nissin,Cup,USA,3.5
Kuriki,Pack,Japan,4.5
MAMA,Pack,Myanmar,2.75
Nissin,Cup,Singapore,3.5
Myojo,Pack,Singapore,4.25
Myojo,Bowl,Singapore,3.75
Myojo,Pack,Singapore,3.0
Myojo,Bowl,Singapore,4.5
Myojo,Pack,Singapore,4.0
Myojo,Bowl,Singapore,4.75
Myojo,Pack,Singapore,3.5
Myojo,Bowl,Singapore,3.75
Myojo,Pack,Singapore,3.5
Myojo,Bowl,Singapore,5.0
Myojo,Pack,Singapore,4.5
Myojo,Pack,Singapore,3.75
Sapporo Ichiban,Pack,USA,5.0
Ibumie,Pack,Malaysia,2.5
Vedan,Bowl,Taiwan,0.0
Itsuki,Pack,Japan,5.0
Nissin,Cup,Thailand,3.75
Asia Gold,Pack,Hungary,2.75
Nissin,Pack,Germany,3.5
Marutai,Bowl,Japan,4.0
Yum Yum,Bowl,Thailand,4.0
MyKuali,Pack,Malaysia,5.0
Mama,Cup,Myanmar,3.5
Nissin,Pack,USA,5.0
Baijia,Pack,China,0.0
Ibumie,Pack,Malaysia,3.75
Conimex,Cup,Netherlands,0.5
Nissin,Cup,Japan,2.75
Mama,Pack,Cambodia,5.0
Myojo,Bowl,Japan,5.0
IbuRamen,Tray,USA,3.25
Indomie,Cup,Indonesia,5.0
Daraz,Pack,Japan,3.0
Mama,Pack,Myanmar,3.5
Bonasia,Pack,Hungary,3.5
Myojo,Bowl,USA,3.25
Fujiwara,Pack,Japan,3.5
Nissin,Pack,USA,4.5
Pama,Pack,Malaysia,3.5
MyKuali,Pack,Malaysia,5.0
Conimex,Pack,Netherlands,3.0
Nissin,Tray,USA,4.5
Mama,Pack,Bangladesh,3.25
Seven & I,Bowl,Japan,5.0
Forest Noodles,Pack,Taiwan,4.5
Forest Noodles,Pack,Taiwan,5.0
Forest Noodles,Pack,Taiwan,4.0
Forest Noodles,Pack,Taiwan,3.25
Vit's,Pack,Malaysia,5.0
Vit's,Pack,Malaysia,4.5
Vit's,Pack,Malaysia,5.0
Vit's,Pack,Malaysia,5.0
Vit's,Pack,Malaysia,5.0
Vit's,Pack,Malaysia,5.0
Vit's,Pack,Malaysia,3.75
Yum Yum,Pack,Thailand,3.5
Kuriki,Pack,Japan,4.0
Tseng Noodles,Pack,Taiwan,4.75
Tseng Noodles,Pack,Taiwan,5.0
Tseng Noodles,Pack,Taiwan,5.0
Nongshim,Pack,South Korea,5.0
Mama,Pack,Cambodia,3.5
Sichuan Baijia,Pack,China,4.5
Nongshim,Cup,USA,5.0
MyKuali,Pack,Malaysia,4.0
Mi Sedaap,Pack,Indonesia,3.5
Myojo,Bowl,USA,3.25
Ten-In,Bowl,Taiwan,1.5
Yum Yum,Bowl,Thailand,5.0
Sugakiya Foods,Bowl,Japan,4.5
Hao Way,Bowl,Malaysia,4.0
Vifon,Bowl,Vietnam,3.25
Nakaya Shouten,Pack,Japan,4.0
Koh Thai,Pack,Netherlands,3.0
Nissin,Pack,Germany,4.25
Master Kong,Bowl,China,4.25
Conimex,Pack,Netherlands,3.5
MyKuali,Pack,Malaysia,5.0
Marutai,Bowl,Japan,4.75
Mama,Cup,Thailand,3.5
Wai Wai,Cup,Thailand,3.5
Cintan,Pack,Malaysia,3.5
Mama,Pack,Bangladesh,4.0
Thai Chef,Pack,Hungary,4.75
Mama,Pack,Thailand,4.0
Nissin,Cup,USA,3.5
Baijia,Pack,China,3.75
Crystal Noodle,Cup,USA,0.25
Thai Smile,Bowl,USA,2.5
iMee,Pack,Netherlands,2.75
Wai Wai,Pack,Thailand,3.5
Fujiwara,Pack,Japan,4.75
Azami,Pack,Canada,0.0
Vit's,Pack,Malaysia,3.0
Cintan,Pack,Malaysia,3.5
A1,Pack,Malaysia,3.5
Vit's,Pack,Malaysia,4.25
Super,Cup,Malaysia,4.5
Cintan,Pack,Malaysia,3.5
Super,Cup,Malaysia,3.0
Pama,Pack,Malaysia,4.0
Nissin,Tray,USA,4.25
Super,Cup,Malaysia,3.5
Torishi,Pack,Japan,5.0
iMee,Pack,Netherlands,4.5
Western Family,Pack,Canada,0.0
MyKuali,Bowl,Malaysia,5.0
Pulmuone,Pack,South Korea,4.5
Chering Chang,Pack,Taiwan,3.25
JML,Pack,China,5.0
JML,Bowl,China,3.5
JML,Bowl,China,5.0
JML,Bowl,China,4.25
JML,Pack,China,5.0
JML,Bowl,China,4.0
JML,Pack,China,5.0
JML,Bowl,China,3.5
JML,Bowl,China,4.5
Mamee,Pack,Malaysia,5.0
New Touch,Bowl,Japan,5.0
Mama,Pack,Cambodia,4.0
Paldo,Bowl,South Korea,3.5
Nissin,Cup,USA,3.5
Pirkka,Pack,Finland,3.75
Ishimaru,Pack,Japan,4.5
Mom's Dry Noodle,Pack,Taiwan,4.0
Authentically Asian,Bowl,USA,1.0
New Touch,Bowl,Japan,4.5
Nissin,Cup,Thailand,4.0
Vit's,Pack,Malaysia,3.5
iMee,Pack,Netherlands,3.25
A-Sha Dry Noodle,Pack,Taiwan,4.25
Mama,Pack,Bangladesh,4.0
Paldo,Bowl,South Korea,5.0
Thai Smile,Bowl,USA,3.5
Kuriki,Pack,Japan,4.75
Mom's Dry Noodle,Pack,Taiwan,5.0
Mi Sedaap,Cup,Indonesia,5.0
Yum Yum,Pack,Thailand,5.0
Azami,Cup,Canada,3.0
Vit's,Pack,Malaysia,3.5
Marutai,Bowl,Japan,4.25
Unox,Pack,Netherlands,3.5
A-Sha Dry Noodle,Pack,Taiwan,5.0
Mama,Pack,Myanmar,4.5
Aroi,Pack,Malaysia,4.5
Myojo,Bowl,USA,2.5
Master Kong,Pack,China,4.25
Nissin,Bowl,Japan,4.5
Little Cook,Cup,Thailand,4.25
Mi Sedaap,Cup,Indonesia,3.75
Mamee,Pack,Malaysia,5.0
Master Kong,Bowl,China,4.0
Koka,Pack,Singapore,4.25
Bonasia,Pack,Germany,3.75
Super,Cup,Malaysia,3.25
Mama,Pack,Cambodia,5.0
Wu-Mu,Pack,Taiwan,4.5
Vedan,Cup,Taiwan,2.75
Yamadai,Bowl,Japan,3.25
Wei Lih,Bowl,Taiwan,5.0
Vina Acecook,Bowl,Vietnam,3.0
A-Sha Dry Noodle,Pack,Taiwan,3.25
Pirkka,Pack,Finland,3.5
Baixiang Noodles,Pack,China,3.75
CarJEN,Pack,Malaysia,4.5
Salam Mie,Pack,Indonesia,4.25
Mamee,Cup,Malaysia,5.0
Wai Wai,Bowl,Thailand,2.5
Vina Acecook,Cup,Vietnam,2.5
Lee Fah Mee,Pack,Sarawak,4.0
Mama,Pack,Myanmar,3.5
Yum Yum,Pack,Thailand,3.75
Master Kong,Pack,China,3.75
CarJEN,Pack,Malaysia,5.0
Sakurai Foods,Pack,Japan,4.5
Hao Way,Pack,Malaysia,4.0
Chering Chang,Pack,Taiwan,5.0
Asia Gold,Pack,Hungary,4.0
The Kitchen Food,Pack,Sarawak,4.0
Azami,Bowl,Canada,3.5
Maggi,Cup,Malaysia,4.75
Premiere,Pack,Malaysia,4.5
Baixiang Noodles,Pack,China,3.75
7 Select/Nissin,Cup,Thailand,3.5
Samyang Foods,Cup,Japan,2.75
Sakurai Foods,Pack,Japan,4.25
A-Sha Dry Noodle,Pack,Taiwan,4.0
Vit's,Pack,Malaysia,3.5
Maruchan,Cup,USA,4.0
The Kitchen Food,Pack,Sarawak,5.0
Mama,Cup,Thailand,5.0
Mama,Cup,Thailand,5.0
Mama,Pack,Thailand,4.75
Mama,Cup,Myanmar,5.0
Mama,Pack,Bangladesh,3.25
Mama,Cup,Thailand,3.5
Wugudaochang,Bowl,China,4.0
Wugudaochang,Pack,China,5.0
Wugudaochang,Bowl,China,3.75
Wugudaochang,Pack,China,3.75
Wugudaochang,Pack,China,3.5
Wugudaochang,Pack,China,4.0
Wugudaochang,Bowl,China,4.5
Wugudaochang,Pack,China,5.0
Wugudaochang,Pack,China,4.0
Wugudaochang,Bowl,China,3.75
Aroi,Pack,Malaysia,4.5
Ten-In,Bowl,Taiwan,3.5
Nongshim,Pack,USA,5.0
Paldo,Pack,South Korea,5.0
A1,Pack,Malaysia,4.25
Baixiang Noodles,Pack,China,4.5
Emart,Cup,South Korea,3.5
Lishan Food Manufacturing,Pack,Taiwan,3.5
Azami,Cup,Canada,3.25
Ah Lai,Pack,Malaysia,5.0
Tropicana Slim,Pack,Indonesia,3.75
A-One,Cup,Vietnam,1.25
Mama,Cup,Thailand,3.5
Deshome,Pack,Taiwan,5.0
Vifon,Cup,Vietnam,3.0
Paldo Vina,Pack,Vietnam,1.5
Mamee,Pack,Malaysia,2.0
Vina Acecook,Pack,Vietnam,4.0
Mama,Pack,Thailand,5.0
Chencun,Cup,China,3.75
Sau Tao,Pack,Hong Kong,3.0
United,Pack,Vietnam,2.75
ChoripDong,Bowl,South Korea,5.0
Shan,Pack,Pakistan,2.75
Mama,Cup,Thailand,3.5
Baijia,Pack,China,3.0
MyOri,Pack,Malaysia,5.0
MyOri,Pack,Malaysia,5.0
MyOri,Pack,Malaysia,5.0
Ruski,Pack,Malaysia,3.75
Ottogi,Pack,South Korea,4.25
Master Kong,Pack,China,4.25
Wei Lih,Pack,Taiwan,4.25
No Name,Cup,Canada,2.75
New Way,Tray,Vietnam,4.0
Lucky Me!,Bowl,Philippines,3.75
Hao Way,Bowl,Malaysia,2.0
Emart,Cup,South Korea,3.5
Campbell's,Cup,Canada,0.25
One Dish Asia,Bowl,USA,0.0
Long Jun Hang,Pack,Taiwan,2.0
Pama,Cup,Malaysia,3.75
A-Sha Dry Noodle,Pack,Taiwan,5.0
Thai Chef,Pack,Germany,3.0
Shan,Pack,Pakistan,3.25
Wai Wai,Pack,Thailand,2.75
Samyang Foods,Cup,South Korea,3.5
A-One,Cup,Vietnam,3.5
Cintan,Pack,Malaysia,3.0
Nissin,Bowl,Japan,4.0
Nongshim,Bowl,China,2.5
Hao Way,Bowl,Malaysia,3.5
Azami,Cup,Canada,0.0
Vedan,Bowl,Taiwan,2.5
Nissin,Bowl,Japan,2.75
Mama,Bowl,Thailand,5.0
Baixiang Noodles,Pack,China,3.0
MyKuali,Pack,Malaysia,5.0
Nongshim,Pack,USA,4.0
Myojo,Bowl,Japan,3.0
Premiere,Pack,Malaysia,3.25
Nissin,Pack,Singapore,3.75
Deshome,Pack,Taiwan,2.5
MyKuali,Pack,Malaysia,5.0
Unif-100,Pack,China,3.5
Hankow,Pack,China,4.0
The Bridge,Pack,Malaysia,5.0
Maruchan,Bowl,Japan,3.25
Shan,Pack,Pakistan,3.25
Lucky Me!,Bowl,Philippines,4.0
Paldo Vina,Pack,Vietnam,3.0
Mitoku,Pack,Japan,0.25
Hao Way,Pack,Malaysia,4.5
Myojo,Bowl,Japan,2.75
Maggi,Pack,Malaysia,4.0
Nissin,Pack,Hong Kong,3.5
Unzen,Pack,Japan,1.0
Salam Mie,Pack,Indonesia,5.0
Vina Acecook,Pack,Vietnam,3.5
Nongshim,Pack,South Korea,5.0
Chering Chang,Pack,Taiwan,5.0
Nissin,Pack,India,3.5
Mama,Cup,Thailand,4.0
Nissin,Tray,USA,4.0
Uncle Sun,Pack,Malaysia,3.0
JML,Pack,China,5.0
Acecook,Cup,Japan,2.25
Nongshim,Pack,South Korea,4.25
Mom's Dry Noodle,Pack,Taiwan,5.0
Mi E-Zee,Pack,Malaysia,3.5
Mi E-Zee,Pack,Malaysia,3.75
E-mi,Pack,Malaysia,3.75
Mi E-Zee,Pack,Malaysia,3.5
J.J.,Pack,Malaysia,3.75
CarJEN,Pack,Malaysia,5.0
E-mi,Pack,Malaysia,3.75
J.J.,Pack,Malaysia,4.0
Mi E-Zee,Pack,Malaysia,4.0
United,Pack,Vietnam,2.75
Emart,Pack,South Korea,3.75
Curry Prince,Pack,Malaysia,4.0
Nissin,Bowl,Japan,4.0
Mama,Pack,Thailand,3.75
Maggi,Pack,India,3.75
Paldo,Bowl,South Korea,5.0
Chering Chang,Pack,Taiwan,3.5
Hao Way,Bowl,Malaysia,4.75
Master Kong,Pack,China,3.75
Econsave,Pack,Malaysia,3.5
Maruchan,Bowl,Japan,5.0
Maggi,Pack,Malaysia,4.0
Mama,Cup,Thailand,3.5
Nissin,Cup,Japan,4.25
Nissin,Cup,India,3.25
Oyatsu,Pack,Japan,2.5
A-One,Cup,Vietnam,3.0
Nongshim,Pack,USA,4.25
Koka,Pack,Singapore,2.75
Uncle Sun,Pack,Malaysia,4.5
Kin-Dee,Tray,Thailand,3.75
Master Kong,Pack,China,4.0
No Name,Cup,Canada,2.0
Hao Way,Pack,Malaysia,3.5
Ching's Secret,Pack,India,3.75
Ko-Lee,Pack,UK,3.5
ICA,Pack,Sweden,3.0
Mamee,Pack,Malaysia,3.75
Bamee,Pack,Thailand,3.5
Myojo,Bowl,Japan,3.5
Ibumie,Pack,Malaysia,5.0
Sapporo Ichiban,Pack,Canada,5.0
Samyang Foods,Cup,Japan,3.75
Vedan,Bowl,Taiwan,4.25
Nissin,Pack,Hong Kong,3.5
Nanyang Chef,Pack,Malaysia,5.0
Thai Pavilion,Tray,USA,1.5
Maggi,Pack,India,3.75
Koka,Cup,Singapore,2.5
Wu-Mu,Pack,Taiwan,3.75
Unif-100,Pack,China,4.25
New Touch,Bowl,Japan,3.5
Sau Tao,Pack,Hong Kong,4.5
Wai Wai,Pack,Thailand,3.75
Paldo Vina,Pack,Vietnam,3.25
Sau Tao,Pack,Hong Kong,3.5
Vit's,Pack,Malaysia,3.75
Miliket,Pack,Vietnam,3.75
Lucky Me!,Pack,Philippines,4.5
Lucky Me!,Pack,Philippines,3.75
Lucky Me!,Pack,Philippines,4.0
Lucky Me!,Pack,Philippines,4.0
Lucky Me!,Cup,Philippines,3.25
Lucky Me!,Pack,Philippines,4.5
Lucky Me!,Pack,Philippines,3.75
Pama,Cup,Malaysia,3.75
Nissin,Pack,Singapore,3.5
Paldo,Bowl,South Korea,5.0
Vifon,Pack,Vietnam,3.25
Maruchan,Tray,Japan,5.0
Yum Yum,Pack,Thailand,3.0
Ching's Secret,Pack,India,3.5
Mamee,Pack,Malaysia,4.5
Katoz,Pack,Sweden,3.5
Men-Sunaoshi,Pack,Japan,3.75
Nongshim,Pack,South Korea,4.0
Maggi,Pack,Malaysia,4.5
Mama,Pack,Thailand,4.0
Chewy,Pack,Hong Kong,1.75
Long Jun Hang,Pack,Taiwan,3.25
Knorr,Pack,Hong Kong,3.25
Nissin,Bowl,Japan,3.5
Mamee,Pack,Malaysia,5.0
Nissin,Pack,Singapore,3.5
Nissin,Pack,India,3.75
Shan,Pack,Pakistan,3.25
Master Kong,Pack,China,4.25
Nongshim,Bowl,USA,3.25
JML,Pack,China,4.0
Acecook,Tray,Japan,3.25
MyKuali,Pack,Malaysia,5.0
United,Pack,Vietnam,3.25
Samyang Foods,Pack,South Korea,3.5
Nissin,Cup,USA,3.5
Master Kong,Pack,China,4.5
Super,Cup,Malaysia,3.75
Indomie,Cup,Indonesia,3.5
Maruchan,Bowl,Japan,4.25
Wai Wai,Pack,Thailand,4.0
Ottogi,Pack,South Korea,3.75
Nissin,Cup,Germany,3.5
Maggi,Pack,India,3.25
Mom's Dry Noodle,Pack,Taiwan,5.0
ICA,Pack,Sweden,3.25
Mom's Dry Noodle,Pack,Taiwan,5.0
Nongshim,Pack,USA,5.0
Ibumie,Pack,Malaysia,3.75
Four Seas,Pack,Hong Kong,4.0
Maruchan,Pack,Japan,4.0
Master Kong,Pack,China,3.5
Paldo,Pack,South Korea,4.0
Nissin,Cup,USA,3.5
Ruski,Pack,Thailand,4.0
Mama,Pack,Thailand,4.0
Thai Chef,Pack,Germany,3.5
Bamee,Cup,Thailand,3.25
Mama,Pack,Thailand,4.0
Mama,Cup,Thailand,5.0
Ruski,Pack,Thailand,3.75
Mama,Pack,Thailand,5.0
Mama,Cup,Thailand,3.5
Bamee,Pack,Germany,3.25
Mama,Cup,Thailand,5.0
Ruski,Pack,Thailand,4.5
Mama,Pack,Thailand,5.0
Thai Chef,Pack,Germany,3.5
Nanyang Chef,Pack,Malaysia,4.75
Maruchan,Cup,USA,3.5
Wei Lih,Bowl,Taiwan,2.25
Nissin,Cup,Singapore,4.0
Nissin,Pack,Singapore,3.75
Nissin,Cup,Singapore,4.0
Nissin,Bowl,Singapore,3.75
Nissin,Pack,Singapore,3.75
Nissin,Cup,Singapore,3.5
Nissin,Pack,Singapore,3.75
Nissin,Cup,Singapore,4.0
Nissin,Pack,Singapore,5.0
Nissin,Bowl,Singapore,3.75
Nissin,Cup,Singapore,4.0
Nissin,Pack,Singapore,5.0
Nissin,Cup,Singapore,4.0
Nissin,Pack,Singapore,4.25
Nissin,Cup,Singapore,4.0
Myojo,Tray,Japan,4.5
MyKuali,Pack,Malaysia,5.0
Maruchan,Cup,USA,3.5
Nongshim,Pack,USA,4.25
Maggi,Pack,Singapore,3.5
Nissin,Bowl,USA,3.5
Wu-Mu,Pack,Taiwan,3.0
Adabi,Pack,Malaysia,3.5
Maruchan,Pack,Japan,3.5
Knorr,Pack,Hong Kong,3.0
Chencun,Cup,China,3.5
Maggi,Pack,Singapore,4.0
Maggi,Cup,Malaysia,3.5
Maggi,Pack,Singapore,3.75
Maggi,Pack,Singapore,5.0
Maggi,Pack,Singapore,5.0
Samyang Foods,Bowl,South Korea,4.0
Nissin,Pack,Colombia,3.5
Myojo,Pack,Japan,3.0
Osaka Ramen,Bowl,USA,3.75
Ottogi,Bowl,South Korea,4.0
Hao Way,Pack,Malaysia,4.5
Sainsbury's,Pack,UK,1.5
Vina Acecook,Pack,Vietnam,3.0
Nissin,Tray,USA,3.0
Nongshim,Cup,China,2.75
Maruchan,Pack,Japan,3.75
Vifon,Cup,Vietnam,3.5
Ottogi,Pack,South Korea,1.0
Sau Tao,Pack,Taiwan,1.75
Myojo,Pack,Japan,2.0
Chewy,Pack,Hong Kong,0.5
Paldo,Pack,South Korea,5.0
Chering Chang,Pack,Taiwan,5.0
Chewy,Pack,Hong Kong,4.0
A-Sha Dry Noodle,Pack,Taiwan,4.0
Adabi,Pack,Malaysia,3.25
Baixiang Noodles,Pack,China,3.5
Pamana,Cup,Philippines,3.5
Annie Chun's,Pack,USA,5.0
La Fonte,Pack,Indonesia,3.75
Maggi,Pack,India,3.75
Thai Choice,Cup,Thailand,4.0
Tesco,Cup,UK,0.5
Pop Bihun,Pack,Indonesia,3.75
Myojo,Tray,Japan,3.75
Pulmuone,Pack,South Korea,3.75
Vina Acecook,Bowl,Vietnam,3.75
Nissin,Pack,Singapore,3.0
Wu-Mu,Pack,Taiwan,4.0
Oyatsu,Pack,Japan,4.75
Snapdragon,Bowl,USA,4.25
Paldo,Pack,South Korea,4.5
Saji,Pack,Malaysia,4.25
Miracle Noodle,Pack,USA,4.0
Shan,Pack,Pakistan,3.5
Indomie,Pack,Indonesia,4.75
Tiger Tiger,Pack,UK,1.75
Paldo,Pack,South Korea,3.75
Takamori Kosan,Pack,Japan,4.0
Takamori Kosan,Pack,Japan,4.5
Takamori Kosan,Pack,Japan,3.75
Takamori Kosan,Pack,Japan,3.0
Takamori Kosan,Pack,Japan,4.75
Takamori Kosan,Pack,Japan,4.75
Takamori Kosan,Pack,Japan,5.0
Takamori Kosan,Pack,Japan,3.75
Takamori Kosan,Pack,Japan,4.0
Takamori Kosan,Pack,Japan,5.0
Takamori Kosan,Pack,Japan,4.25
Takamori Kosan,Pack,Japan,3.75
Takamori Kosan,Pack,Japan,4.0
Tokyo Noodle,Pack,Japan,3.25
Tesco,Cup,UK,2.0
Samyang Foods,Cup,South Korea,3.75
Campbell's,Cup,Canada,0.0
Papa,Pack,Thailand,3.25
A-Sha Dry Noodle,Pack,Taiwan,3.25
Nissin,Cup,Germany,3.0
Sawadee,Pack,UK,1.5
Nongshim,Cup,USA,4.25
Four Seas,Bowl,Hong Kong,3.5
Golden Wheat,Bowl,China,1.75
Sau Tao,Pack,Hong Kong,2.75
Mamee,Pack,Malaysia,3.5
Mamee,Pack,Malaysia,5.0
Mamee,Pack,Malaysia,3.75
Mamee,Cup,Malaysia,5.0
Mamee,Pack,Malaysia,4.0
Mamee,Cup,Malaysia,5.0
Mamee,Pack,Malaysia,3.25
Mamee,Pack,Malaysia,3.25
Mamee,Cup,Malaysia,4.75
Mamee,Pack,Malaysia,3.75
Mamee,Pack,Malaysia,3.75
Mamee,Pack,Malaysia,4.0
Mamee,Pack,Malaysia,5.0
Mamee,Cup,Malaysia,4.5
Mamee,Pack,Malaysia,3.75
Paldo,Pack,South Korea,4.0
Oyatsu,Pack,Japan,3.75
Lotus Foods,Pack,USA,2.25
Lotus Foods,Pack,USA,4.0
Lotus Foods,Pack,USA,3.25
Ah Lai,Pack,Malaysia,4.5
Plats Du Chef,Bowl,Canada,5.0
Indomie,Pack,Indonesia,2.75
Kin-Dee,Tray,Thailand,3.75
Batchelors,Pack,UK,1.5
Sakura Noodle,Pack,USA,4.25
Shirakiku,Pack,USA,3.75
Sakura Noodle,Pack,USA,4.0
Sakura Noodle,Pack,USA,3.75
Sakura Noodle,Pack,USA,3.75
Sakura Noodle,Pack,USA,3.75
Indomie,Pack,Indonesia,3.75
Sapporo Ichiban,Tray,Japan,5.0
Vifon,Cup,Vietnam,1.25
A-Sha Dry Noodle,Pack,Taiwan,3.75
Unif,Pack,China,3.0
Mamee,Pack,Malaysia,3.75
Koka,Cup,Singapore,3.25
Ruski,Pack,Thailand,3.5
Golden Wheat,Pack,China,2.0
Hi-Myon,Pack,South Korea,4.0
Takamori Kosan,Pack,Japan,3.75
Mama,Cup,Thailand,3.75
Adabi,Pack,Malaysia,4.25
Nissin,Bowl,Japan,4.0
Ve Wong,Pack,Taiwan,2.5
Ottogi,Pack,South Korea,2.75
Sainsbury's,Pack,UK,2.75
Paldo,Pack,South Korea,5.0
Healtimie,Pack,Indonesia,3.25
Maruchan,Pack,Japan,3.75
Pop Bihun,Pack,Indonesia,4.0
Thai Kitchen,Tray,USA,3.0
Yum Yum,Cup,Thailand,3.75
Nongshim,Pack,South Korea,5.0
Nissin,Cup,Japan,3.75
Koka,Pack,Singapore,2.5
A-Sha Dry Noodle,Pack,Taiwan,3.75
Nissin,Pack,Hong Kong,4.75
Western Family,Cup,Canada,1.5
Mama,Pack,Thailand,5.0
Knorr,Pack,Hong Kong,3.25
Samyang Foods,Pack,South Korea,5.0
Mr. Noodles,Cup,Canada,1.0
Good Tto Leu Foods,Bowl,South Korea,4.0
GaGa,Pack,Indonesia,3.25
Wu-Mu,Pack,Taiwan,3.5
Wu-Mu,Pack,Taiwan,3.25
Thai Choice,Cup,Thailand,3.0
Myojo,Pack,Singapore,4.25
Nissin,Cup,Colombia,3.0
A-One,Cup,Vietnam,3.25
Nongshim,Tray,South Korea,4.5
JML,Pack,China,4.0
Sau Tao,Bowl,Hong Kong,3.75
Kimura,Pack,Japan,5.0
Batchelors,Pack,UK,3.25
Lucky Me!,Bowl,Philippines,3.25
Thai Kitchen,Tray,USA,4.25
Nongshim,Cup,South Korea,4.0
Koka,Pack,Singapore,2.75
Tokachimen Koubou,Bowl,Japan,2.25
Deshome,Pack,Taiwan,5.0
Ko-Lee,Pack,UK,3.5
Ottogi,Pack,South Korea,3.25
Vifon,Pack,Vietnam,2.0
Adabi,Pack,Malaysia,4.25
Wu-Mu,Pack,Taiwan,4.5
Wu-Mu,Pack,Taiwan,3.75
Sainsbury's,Pack,UK,3.25
Samyang Foods,Pack,South Korea,3.5
Prima Taste,Pack,Singapore,5.0
Ko-Lee,Pack,UK,5.0
Chewy,Pack,Hong Kong,2.5
Wu-Mu,Pack,Taiwan,3.25
ABC,Cup,Indonesia,3.75
ABC,Cup,Indonesia,4.0
ABC,Cup,Indonesia,3.75
ABC,Cup,Indonesia,4.25
Nissin,Cup,Japan,4.25
ABC,Cup,Indonesia,3.75
Eat & Go,Cup,Indonesia,3.75
ABC,Pack,Indonesia,5.0
Eat & Go,Cup,Indonesia,3.75
President,Pack,Indonesia,4.5
ABC,Cup,Indonesia,4.0
Eat & Go,Cup,Indonesia,4.25
Thai Choice,Cup,Thailand,3.25
Four Seas,Bowl,Hong Kong,2.75
Nissin,Tray,USA,3.75
Tesco,Pack,UK,2.25
Mama,Pack,Thailand,3.5
Samyang Foods,Bowl,South Korea,3.75
Nissin,Cup,Colombia,2.75
Wu-Mu,Pack,Taiwan,4.0
Maruchan,Pack,Japan,4.0
Annie Chun's,Pack,USA,4.0
Sau Tao,Pack,Hong Kong,3.5
Unif,Pack,China,3.75
Nissin,Pack,Hong Kong,1.75
Thai Pavilion,Tray,USA,4.0
Nissin,Pack,Japan,3.75
Maggi,Pack,Malaysia,4.0
SuperMi,Pack,Indonesia,4.0
Sapporo Ichiban,Pack,Japan,5.0
Mama,Pack,Thailand,3.5
Emart,Cup,South Korea,3.25
Nissin,Pack,Hong Kong,3.75
Sainsbury's,Pack,UK,2.75
Nissin,Pack,Colombia,3.25
GaGa,Pack,Indonesia,3.25
A-Sha Dry Noodle,Pack,Taiwan,3.75
Saji,Pack,Malaysia,4.0
Kumamoto,Pack,Japan,2.5
Maruchan,Pack,Japan,3.75
Mr. Noodles,Bowl,Canada,0.5
Master Kong,Bowl,China,3.75
Nissin,Tray,USA,3.75
HoMyeonDang,Pack,South Korea,4.0
Sawadee,Pack,Malaysia,2.5
Nissin,Cup,Germany,3.75
ABC,Pack,Indonesia,4.5
Nissin,Cup,Japan,3.0
Tokyo Noodle,Pack,Japan,3.5
Sau Tao,Pack,China,3.75
Doll,Cup,Hong Kong,3.5
Batchelors,Pack,UK,1.0
GaGa,Cup,Indonesia,4.75
Eat & Go,Cup,Indonesia,5.0
Nan Jie Cun,Tray,China,0.5
Ruski,Pack,Thailand,3.5
Nissin,Bowl,Hong Kong,3.0
A-Sha Dry Noodle,Pack,Taiwan,4.0
Batchelors,Pack,UK,3.25
Golden Wheat,Pack,China,3.5
Nissin,Bowl,Japan,5.0
China Best,Pack,Taiwan,1.0
Mama,Pack,Thailand,3.5
Nissin,Cup,Colombia,3.5
GaGa,Pack,Indonesia,3.5
Sugakiya Foods,Pack,Japan,3.25
A-Sha Dry Noodle,Pack,Taiwan,4.25
Men-Sunaoshi,Pack,Japan,3.75
Mama,Pack,Thailand,3.75
Samyang Foods,Pack,South Korea,5.0
Nissin,Cup,Japan,4.5
Nissin,Bowl,USA,3.5
Sawadee,Pack,Malaysia,2.5
Paldo,Bowl,South Korea,4.0
Nissin,Cup,Germany,3.75
Wu-Mu,Pack,Taiwan,3.75
GaGa,Pack,Indonesia,4.0
Sanrio,Bowl,Japan,3.75
Acecook,Bowl,Japan,5.0
Chencun,Cup,China,3.0
Nongshim,Cup,South Korea,3.5
Nissin,Pack,Colombia,3.75
Sainsbury's,Pack,UK,3.25
Sapporo Ichiban,Cup,Japan,3.5
Paldo,Pack,South Korea,5.0
Ko-Lee,Pack,UK,3.75
Samyang Foods,Pack,South Korea,4.0
Wei Lih,Pack,Taiwan,3.75
Myojo,Pack,Japan,4.25
Nongshim,Cup,USA,5.0
ABC,Pack,Indonesia,4.0
Maruchan,Pack,Japan,3.5
Healtimie,Pack,Indonesia,4.25
Itomen,Pack,Japan,4.0
Pop Bihun,Pack,Indonesia,3.5
Koyo,Pack,USA,2.75
Tiger Tiger,Pack,UK,3.0
Acecook,Cup,Japan,3.75
Mr. Noodles,Cup,Canada,1.75
Nissin,Bowl,Japan,3.25
Kabuto Noodles,Cup,UK,3.75
Unif,Bowl,Taiwan,5.0
Nissin,Tray,USA,3.75
Mr. Noodles,Bowl,Canada,2.0
Chewy,Pack,China,3.25
Nissin,Pack,Japan,4.75
GaGa,Pack,Indonesia,3.75
Samyang Foods,Pack,South Korea,3.75
Peyang,Tray,Japan,5.0
Nissin,Bowl,Hong Kong,4.0
Golden Wonder,Cup,UK,4.25
Vifon,Pack,Vietnam,3.75
Komforte Chockolates,Bar,USA,5.0
Golden Wheat,Pack,China,3.5
Wu-Mu,Pack,Taiwan,4.0
Sapporo Ichiban,Pack,Japan,4.0
Asian Thai Foods,Pack,Nepal,3.75
Asian Thai Foods,Pack,Nepal,3.5
Asian Thai Foods,Pack,Nepal,3.5
Asian Thai Foods,Pack,Nepal,3.5
Asian Thai Foods,Pack,Nepal,3.5
Asian Thai Foods,Pack,Nepal,3.5
Asian Thai Foods,Pack,Nepal,3.75
Asian Thai Foods,Pack,Nepal,3.5
Asian Thai Foods,Pack,Nepal,4.25
Asian Thai Foods,Pack,Nepal,4.0
Asian Thai Foods,Pack,Nepal,3.25
Asian Thai Foods,Pack,Nepal,5.0
Asian Thai Foods,Pack,Nepal,3.75
Tablemark,Pack,Japan,4.75
Koka,Pack,Singapore,3.75
Nissin,Pack,Japan,5.0
Indomie,Pack,Indonesia,4.25
Hi-Myon,Pack,South Korea,4.0
Kamfen,Pack,Hong Kong,3.75
Tesco,Cup,UK,1.5
Wei Lih,Pack,Taiwan,3.75
Nissin,Cup,USA,3.5
Oyatsu,Pack,Japan,3.5
Lucky Me!,Pack,Philippines,3.25
Campbell's,Cup,Canada,2.75
GaGa,Pack,Indonesia,4.0
Myojo,Pack,USA,5.0
Samyang Foods,Bowl,South Korea,4.25
Maruchan,Pack,Japan,4.25
Nagao Noodle,Pack,Japan,4.25
Sau Tao,Pack,China,3.75
ABC,Pack,Indonesia,4.75
Ko-Lee,Pack,UK,3.75
Mr. Noodles,Bowl,Canada,2.75
Thai Pavilion,Tray,USA,4.25
Tokyo Noodle,Pack,Japan,5.0
Nissin,Tray,USA,3.75
Maitri,Pack,Indonesia,4.0
Samyang Foods,Cup,South Korea,3.5
Mama,Pack,Thailand,3.75
Golden Wheat,Pack,China,3.25
GS25,Pack,South Korea,4.5
La Fonte,Box,Indonesia,4.25
Chencun,Cup,China,3.5
Nissin,Bowl,Hong Kong,3.5
Nissin,Bowl,Japan,4.5
Nongshim,Tray,South Korea,5.0
Western Family,Pack,Canada,3.5
Myojo,Tray,Japan,5.0
Batchelors,Pack,UK,3.0
Eat & Go,Cup,Indonesia,4.25
Baltix,Pack,Estonia,3.75
Baltix,Pack,Estonia,3.25
Tropicana Slim,Pack,Indonesia,3.75
Amianda,Pack,Taiwan,3.75
Amianda,Pack,Taiwan,3.5
Amianda,Pack,Taiwan,3.25
Amianda,Pack,Taiwan,4.25
Amianda,Pack,Taiwan,4.5
Amianda,Pack,Taiwan,5.0
Amianda,Pack,Taiwan,4.0
Amianda,Pack,Taiwan,3.25
Amianda,Pack,Taiwan,4.25
Amianda,Pack,Taiwan,3.75
MyKuali,Pack,Malaysia,5.0
Sawadee,Pack,UK,3.0
Vina Acecook,Pack,Vietnam,3.5
Mr. Noodles,Cup,Canada,1.5
Nissin,Cup,Japan,4.75
Indomie,Pack,Indonesia,4.5
Deshome,Pack,Taiwan,3.25
Deshome,Pack,Taiwan,3.5
Deshome,Pack,Taiwan,5.0
Deshome,Pack,Taiwan,3.75
Deshome,Pack,Taiwan,5.0
Deshome,Pack,Taiwan,3.75
Deshome,Pack,Taiwan,5.0
Deshome,Pack,Taiwan,4.25
Deshome,Pack,Taiwan,3.75
Deshome,Pack,Taiwan,4.0
Nissin,Pack,Japan,4.0
HoMyeonDang,Pack,South Korea,4.0
Nissin,Bowl,Japan,5.0
Koka,Pack,Singapore,3.75
Nissin,Cup,Japan,3.75
Tasty Bite,Pack,USA,3.5
Tasty Bite,Pack,USA,4.25
Tasty Bite,Pack,USA,4.0
Tasty Bite,Pack,USA,3.75
Tasty Bite,Pack,USA,3.75
Tasty Bite,Pack,USA,4.0
Star Anise Foods,Pack,USA,3.75
Mamee,Pack,Malaysia,3.25
A-Sha Dry Noodle,Pack,Taiwan,4.0
A-Sha Dry Noodle,Pack,Taiwan,3.5
A-Sha Dry Noodle,Pack,Taiwan,5.0
A-Sha Dry Noodle,Pack,Taiwan,5.0
A-Sha Dry Noodle,Pack,Taiwan,3.75
A-Sha Dry Noodle,Pack,Taiwan,4.0
A-Sha Dry Noodle,Pack,Taiwan,4.25
Maruchan,Pack,Japan,3.75
Knorr,Pack,Hong Kong,3.0
Mr. Noodles,Bowl,Canada,2.0
Ottogi,Cup,South Korea,3.5
New Touch,Tray,Japan,4.0
Myojo,Pack,USA,4.0
Nissin,Tray,USA,3.5
Nongshim,Bowl,China,3.25
Chewy,Pack,China,3.0
Nongshim,Pack,China,5.0
Ko-Lee,Pack,UK,4.0
Western Family,Pack,Canada,1.0
Maruchan,Bowl,USA,4.25
Itomen,Pack,Japan,4.25
Emart,Pack,South Korea,4.0
Golden Wheat,Bowl,China,3.5
Wei Lih,Bowl,Taiwan,3.5
Western Family,Cup,Canada,2.25
Nissin,Cup,Japan,3.75
Mama,Pack,Thailand,4.0
HoMyeonDang,Pack,South Korea,4.0
Samyang Foods,Pack,South Korea,3.75
Samyang Foods,Pack,South Korea,5.0
Samyang Foods,Pack,South Korea,4.0
Samyang Foods,Bowl,South Korea,4.0
Samyang Foods,Pack,South Korea,3.75
Samyang Foods,Pack,South Korea,3.75
HoMyeonDang,Pack,South Korea,3.5
Samyang Foods,Pack,South Korea,4.5
HoMyeonDang,Pack,South Korea,5.0
Samyang Foods,Pack,South Korea,4.25
Samyang Foods,Bowl,South Korea,4.75
Samyang Foods,Pack,South Korea,4.0
Samyang Foods,Pack,South Korea,4.25
Samyang Foods,Pack,South Korea,3.75
Nissin,Cup,USA,3.5
Tradition,Pack,USA,2.75
Nissin,Bowl,Japan,4.25
Vina Acecook,Pack,Vietnam,3.5
Unox,Pack,Holland,3.5
Maruchan,Bowl,USA,4.0
Golden Wheat,Bowl,China,3.75
Western Family,Cup,Canada,2.0
Ottogi,Bowl,South Korea,3.5
Nissin,Bowl,Hong Kong,4.5
Amino,Pack,Poland,4.0
Four Seas,Bowl,China,2.75
Wai Wai,Pack,Thailand,3.0
Nissin,Tray,USA,4.5
Mr. Noodles,Bowl,Canada,2.0
Paldo,Pack,South Korea,3.5
Maruchan,Tray,USA,4.25
Pot Noodle,Cup,UK,1.5
Nongshim,Cup,South Korea,4.5
Sakurai Foods,Pack,Japan,4.25
Maruchan,Bowl,USA,4.0
Ko-Lee,Pack,UK,3.0
Wai Wai,Pack,Thailand,3.25
Unox,Pack,Holland,3.5
Prima Taste,Pack,Singapore,5.0
Prima Taste,Pack,Singapore,5.0
Nissin,Tray,USA,2.75
GS25,Pack,South Korea,4.0
Amino,Pack,Poland,3.25
Trident,Pack,Australia,2.75
Paldo,Pack,South Korea,4.0
Ko-Lee,Cup,UK,1.0
Sun Noodle,Tray,USA,5.0
Sun Noodle,Tray,USA,3.75
Sun Noodle,Tray,USA,5.0
S&S,Pack,USA,4.0
Sun Noodle,Tray,USA,4.0
Sun Noodle,Tray,USA,4.0
Sun Noodle,Tray,USA,5.0
Sun Noodle,Pack,USA,4.5
Nissin,Bowl,Japan,4.0
Ottogi,Bowl,South Korea,4.5
Pot Noodle,Cup,UK,2.25
Annie Chun's,Pack,USA,4.0
Springlife,Pack,China,3.0
Annie Chun's,Bowl,USA,4.25
Annie Chun's,Tray,USA,2.0
Annie Chun's,Bowl,USA,4.0
Annie Chun's,Tray,USA,3.0
Annie Chun's,Bowl,USA,4.5
Annie Chun's,Pack,USA,4.0
Annie Chun's,Tray,USA,3.75
Nissin,Bowl,Japan,5.0
Pot Noodle,Cup,UK,3.25
Nongshim,Bowl,USA,4.25
Trident,Pack,Australia,2.75
Nissin,Bowl,USA,3.25
Sakurai Foods,Pack,Japan,3.25
Sakurai Foods,Bowl,Japan,4.25
Sakurai Foods,Pack,Japan,4.25
Sakurai Foods,Pack,Japan,5.0
Sakurai Foods,Bowl,Japan,4.0
Sakurai Foods,Pack,Japan,3.25
Sakurai Foods,Pack,Japan,4.75
Pot Noodle,Cup,UK,3.5
Vifon,Pack,Poland,4.0
Ottogi,Cup,South Korea,3.75
Ko-Lee,Pack,UK,3.5
Trident,Pack,Australia,3.5
Maruchan,Tray,USA,4.0
Right Foods,Cup,USA,1.75
Pot Noodle,Cup,UK,2.75
Wai Wai,Pack,Thailand,3.0
Amino,Pack,Poland,3.25
Kamfen,Pack,China,3.25
Ko-Lee,Pack,UK,3.75
Wai Wai,Pack,Thailand,3.5
Pot Noodle,Cup,UK,3.75
Maruchan,Tray,USA,3.75
Mama,Pack,Thailand,3.75
Yamachan,Pack,USA,5.0
Maruchan,Cup,USA,3.5
Nongshim,Pack,USA,5.0
Paldo,Cup,South Korea,4.5
Paldo,Pack,South Korea,5.0
Kamfen,Tray,China,3.75
Maruchan,Cup,USA,3.5
Vina Acecook,Pack,Vietnam,3.75
Kamfen,Tray,China,4.0
Paldo,Bowl,South Korea,4.75
Ibumie,Pack,Malaysia,2.75
Emart,Pack,South Korea,3.75
Maruchan,Pack,USA,3.75
Ibumie,Pack,Malaysia,3.5
Sunlee,Bowl,Thailand,1.25
Ottogi,Bowl,South Korea,3.5
Shirakiku,Pack,USA,3.0
Maruchan,Pack,USA,3.5
Nongshim,Cup,South Korea,4.5
Vina Acecook,Pack,Vietnam,3.25
Goku Uma,Bowl,Japan,4.25
Wai Wai,Pack,Thailand,3.5
Nissin,Pack,Japan,4.0
Nongshim,Cup,South Korea,4.25
Maruchan,Cup,USA,3.75
Nissin,Pack,USA,3.75
Paldo,Bowl,South Korea,4.25
Indomie,Pack,Indonesia,4.25
Sapporo Ichiban,Cup,USA,3.5
Nongshim,Cup,South Korea,4.0
Daddy,Pack,Malaysia,5.0
Tradition,Cup,USA,3.25
Myojo,Tray,Japan,4.75
Han's South Korea,Tray,South Korea,3.5
Sunlee,Bowl,Thailand,3.25
Sarimi,Pack,Indonesia,3.5
Maruchan,Cup,USA,3.5
FMF,Pack,Fiji,4.25
Long Kow,Cup,China,1.5
FMF,Pack,Fiji,4.0
Vina Acecook,Pack,Vietnam,3.5
SuperMi,Pack,Indonesia,5.0
Han's South Korea,Tray,South Korea,3.0
Paldo,Bowl,South Korea,3.25
ABC,Pack,Indonesia,4.5
Vina Acecook,Pack,Vietnam,2.75
Unif / Tung-I,Pack,Vietnam,3.5
Yamachan,Pack,USA,4.0
Yamachan,Pack,USA,4.25
Yamachan,Pack,USA,4.0
Yamachan,Pack,USA,4.75
Yamachan,Pack,USA,5.0
Yamachan,Pack,USA,4.0
Yamachan,Pack,USA,4.5
SuperMi,Pack,Indonesia,5.0
Han's South Korea,Tray,South Korea,3.25
Golden Wheat,Cup,China,2.75
Song Hak,Bowl,South Korea,5.0
Nissin,Pack,USA,3.75
Nongshim,Bowl,USA,4.25
Sarimi,Pack,Indonesia,3.25
Sunlee,Bowl,Thailand,2.5
Fuji Mengyo,Bowl,Japan,3.5
Vifon,Pack,Vietnam,3.5
Nongshim,Bowl,USA,5.0
Dragonfly,Pack,China,4.0
SuperMi,Pack,Indonesia,3.75
Vina Acecook,Pack,Vietnam,3.25
CJ CheilJedang,Bowl,South Korea,3.75
Indomie,Pack,Indonesia,4.0
Master Kong,Pack,China,4.0
Little Cook,Cup,Thailand,3.0
Unif / Tung-I,Pack,Taiwan,3.5
Indomie,Pack,Indonesia,5.0
Nissin,Pack,USA,4.25
Vina Acecook,Pack,Vietnam,3.25
Baijia,Pack,China,2.75
Tradition,Cup,USA,3.75
Indomie,Pack,Indonesia,4.5
Sempio,Bowl,South Korea,4.25
Little Cook,Bowl,Thailand,4.75
Vina Acecook,Bowl,Vietnam,4.25
Long Kow,Bowl,China,3.5
Dongwon,Bowl,South Korea,4.5
SuperMi,Pack,Indonesia,4.0
Dragonfly,Bowl,China,3.5
Nissin,Pack,USA,4.0
Nissin,Pack,USA,3.5
Golden Wheat,Cup,China,3.5
Itomen,Bowl,Japan,3.25
Vifon,Pack,Vietnam,3.75
Nongshim,Pack,South Korea,4.25
Maggi,Pack,Malaysia,4.0
Nissin,Pack,USA,3.5
JML,Bowl,China,3.75
Nongshim,Pack,South Korea,4.0
Chewy,Tray,China,3.75
CJ CheilJedang,Cup,South Korea,2.0
Sarimi,Pack,Indonesia,4.0
Nissin,Pack,USA,4.5
Binh Tay,Pack,Vietnam,3.5
Mr. Noodles,Pack,Canada,2.5
Indomie,Pack,Indonesia,3.75
Wai Wai,Pack,Thailand,3.5
Dragonfly,Pack,China,3.75
Vifon,Pack,Vietnam,3.25
Seven-Eleven,Cup,Japan,4.5
Paldo,Bowl,South Korea,4.75
Paldo,Pack,South Korea,3.5
Paldo,Pack,South Korea,4.75
Paldo,Pack,South Korea,5.0
Paldo,Cup,Japan,3.25
Paldo,Pack,South Korea,5.0
Paldo,Pack,South Korea,5.0
Paldo,Bowl,South Korea,3.5
Master Kong,Pack,China,5.0
Sunlee,Bowl,Thailand,3.75
Maruchan,Pack,Japan,4.0
SuperMi,Pack,Indonesia,4.0
Souper,Bowl,Taiwan,3.75
Vina Acecook,Pack,Vietnam,3.75
Chencun,Cup,China,3.25
Indomie,Pack,Indonesia,3.5
Mr. Noodles,Pack,Canada,2.0
Master Kong,Pack,China,3.75
Mr. Noodles,Pack,Canada,1.75
ABC,Pack,Indonesia,4.25
Nongshim,Pack,South Korea,4.0
Kim's Bowl,Bowl,Thailand,3.5
SuperMi,Pack,Indonesia,4.0
Ohsung,Bowl,South Korea,3.5
Acecook,Bowl,Japan,1.25
Little Cook,Cup,Thailand,1.75
Master Kong,Bowl,China,4.0
Sarimi,Pack,Indonesia,4.5
Gau Do,Pack,Vietnam,3.75
Mr. Noodles,Pack,Canada,3.0
Nongshim,Bowl,USA,4.25
Golden Wheat,Cup,China,3.0
Golden Mie,Pack,Dubai,3.75
Vina Acecook,Pack,Vietnam,3.0
Master Kong,Tray,China,2.75
Sarimi,Pack,Indonesia,4.75
Mr. Noodles,Pack,Canada,1.75
Nongshim,Bowl,USA,4.5
Acecook,Bowl,Japan,1.0
GreeNoodle,Pack,Thailand,1.5
SuperMi,Pack,Indonesia,4.0
Uni-President,Pack,Taiwan,4.75
Emart,Pack,South Korea,5.0
Mr. Noodles,Pack,Canada,3.0
Sarimi,Pack,Indonesia,3.5
Hankow,Tray,China,3.25
Nissin,Cup,USA,3.0
Nongshim,Bowl,USA,3.25
Vina Acecook,Pack,Vietnam,3.0
Ottogi,Pack,South Korea,3.5
Indomie,Pack,Indonesia,3.75
Mamee,Cup,Malaysia,2.5
Mr. Noodles,Pack,Canada,2.75
Sarimi,Pack,Indonesia,3.75
JML,Bowl,China,3.0
Indomie,Pack,Indonesia,2.25
Little Cook,Bowl,Thailand,3.5
Nongshim,Pack,USA,3.5
Mi Sedaap,Pack,Indonesia,4.0
Kailo,Pack,Hong Kong,3.5
Nissin,Cup,USA,3.25
Fashion Foods,Bowl,Thailand,0.25
Fashion Foods,Bowl,Thailand,1.75
Fashion Foods,Bowl,Thailand,3.75
Super Bihun,Pack,Indonesia,4.5
Sempio,Bowl,South Korea,3.5
Maggi,Pack,India,3.25
Long Kow,Pack,Taiwan,1.5
Thai Kitchen,Pack,USA,3.5
Nissin,Cup,USA,3.25
Nongshim,Bowl,USA,3.75
JML,Bowl,China,3.25
Indomie,Pack,Indonesia,4.25
Daikoku,Bowl,Japan,3.75
Nongshim,Bowl,South Korea,4.25
Nongshim,Pack,USA,3.75
Nongshim,Pack,South Korea,4.25
Nongshim,Bowl,USA,3.5
Nongshim,Cup,South Korea,5.0
Nongshim,Bowl,USA,3.75
Sapporo Ichiban,Pack,USA,5.0
Hosoonyi,Bowl,USA,3.75
Nissin,Pack,USA,3.5
JML,Bowl,China,1.25
Nongshim,Pack,South Korea,5.0
Payless,Pack,Philippines,3.25
Mamee,Cup,Malaysia,3.75
Golden Mie,Pack,Dubai,3.25
Wei Lih,Pack,Taiwan,2.75
Indomie,Pack,Indonesia,5.0
JML,Bowl,China,3.5
Nissin,Bowl,Japan,3.75
Gau Do,Pack,Vietnam,2.5
Maruchan,Tray,USA,3.25
Ottogi,Bowl,South Korea,2.75
Indomie,Pack,Indonesia,5.0
Indomie,Pack,Indonesia,4.5
Indomie,Pack,Indonesia,4.25
Indomie,Pack,Indonesia,3.25
Indomie,Pack,Indonesia,5.0
Indomie,Pack,Indonesia,5.0
Indomie,Pack,Indonesia,5.0
Indomie,Pack,Indonesia,4.0
Indomie,Pack,Indonesia,4.0
Indomie,Cup,Indonesia,5.0
Indomie,Pack,Indonesia,3.5
Indomie,Pack,Indonesia,5.0
Yamamoto,Bowl,Japan,3.5
Nongshim,Bowl,USA,4.0
Golden Mie,Pack,Dubai,3.75
Nissin,Pack,USA,3.25
Ottogi,Pack,South Korea,3.75
Nissin,Bowl,USA,3.25
Vifon,Bowl,Vietnam,3.75
Indomie,Pack,Indonesia,5.0
Pulmuone,Pack,South Korea,3.75
Nissin,Pack,USA,4.0
Four Seas,Bowl,Hong Kong,3.25
Nongshim,Pack,South Korea,4.25
Saigon Ve Wong,Bowl,Vietnam,2.75
Nissin,Tray,USA,3.25
Wu Mu,Pack,Taiwan,2.75
Mee Jang,Bowl,Thailand,3.25
Unif,Bowl,Taiwan,4.25
Golden Wheat,Cup,China,3.5
Nissin,Tray,USA,4.0
Nissin,Pack,USA,3.5
Nissin,Pack,Japan,4.5
Nissin,Cup,USA,4.0
Nissin,Pack,Japan,5.0
Nissin,Cup,USA,3.5
Nissin,Tray,USA,4.0
Nissin,Pack,USA,3.25
Nissin,Cup,USA,3.5
JFC,Bowl,Japan,4.5
Vina Acecook,Pack,Vietnam,3.5
Chewy,Tray,China,2.25
Samyang,Pack,South Korea,3.75
Mamee,Cup,Malaysia,2.0
Maruchan,Tray,USA,3.75
Mee Jang,Bowl,Thailand,2.5
Ohsung,Pack,South Korea,3.75
Nissin,Cup,Hong Kong,3.75
Mi Sedaap,Pack,Indonesia,4.5
Indomie,Pack,Indonesia,2.75
Dragonfly,Pack,China,3.75
Nongshim,Pack,South Korea,4.75
Indomie,Cup,Indonesia,4.25
Nongshim,Pack,South Korea,3.75
Vina Acecook,Pack,Vietnam,2.75
Mamee,Cup,Malaysia,3.25
Wang,Bowl,South Korea,4.0
Nongshim,Pack,China,4.5
Indomie,Pack,Indonesia,4.75
Samyang,Pack,South Korea,4.75
Paldo,Pack,South Korea,5.0
Ohsung,Pack,South Korea,3.25
Mug Shot,Pack,UK,3.0
Mug Shot,Pack,UK,3.0
Saigon Ve Wong,Bowl,Vietnam,3.5
Nissin,Bowl,Japan,4.0
Saigon Ve Wong,Bowl,Vietnam,2.0
Nissin,Bowl,USA,3.0
Lishan,Pack,Taiwan,1.5
Mama,Pack,Thailand,3.25
Thai Kitchen,Pack,USA,2.75
Paldo,Pack,South Korea,4.0
Daikoku,Bowl,Japan,4.25
Yamamoto,Bowl,Japan,4.25
Lucky Me!,Pack,Philippines,3.75
Nissin,Bowl,USA,3.0
Paldo,Cup,South Korea,3.5
Dragonfly,Pack,China,3.75
Nissin,Bowl,USA,3.75
Cap Atoom Bulan,Pack,Indonesia,3.0
Mee Jang,Bowl,Thailand,3.25
Dragonfly,Pack,China,4.0
Sapporo Ichiban,Pack,Japan,5.0
Mi Sedaap,Pack,Indonesia,4.0
Dragonfly,Pack,China,4.0
Pot Noodle,Cup,UK,3.75
Nongshim,Pack,South Korea,3.75
Sunlee,Bowl,Thailand,3.5
Yamamoto,Bowl,Japan,4.25
Nongshim,Cup,South Korea,3.75
Sura,Bowl,South Korea,3.75
Wei Chuan,Pack,Taiwan,3.25
Little Cook,Cup,Thailand,2.75
Vina Acecook,Pack,Vietnam,3.0
Master Kong,Pack,China,4.25
Nissin,Bowl,Japan,5.0
GreeNoodle,Pack,Thailand,3.0
Snapdragon,Cup,Singapore,2.5
Yamamori,Pack,Japan,4.75
Ottogi,Pack,South Korea,1.1
Baijia,Bowl,China,0.5
Mr. Udon,Pack,South Korea,3.5
Mr. Udon,Pack,South Korea,2.75
Fashion Foods,Bowl,Thailand,1.25
Ve Wong,Bowl,Taiwan,1.25
Master Kong,Pack,China,4.25
Lucky Me!,Bowl,Philippines,3.5
Omachi,Pack,Vietnam,3.75
Ottogi,Bowl,South Korea,3.5
Pot Noodle,Cup,UK,4.0
Master Kong,Pack,China,3.75
Wei Wei,Pack,Taiwan,3.25
Daikoku,Bowl,Japan,4.75
Ottogi,Bowl,South Korea,3.5
Vifon,Pack,Vietnam,1.25
Yamamoto,Bowl,Japan,4.75
Pulmuone,Pack,South Korea,2.75
Nissin,Pack,Japan,3.75
Maggi,Pack,India,2.0
Yamamori,Pack,Japan,4.5
Fuku,Pack,Hong Kong,2.5
Saigon Ve Wong,Bowl,Vietnam,3.0
Maruchan,Tray,USA,1.75
Batchelors,Pack,UK,2.0
Wei Wei,Pack,Taiwan,3.25
Wei Wei,Pack,Taiwan,3.75
Koka,Pack,Singapore,5.0
Pot Noodle,Cup,UK,1.5
Six Fortune,Pack,South Korea,4.0
Little Cook,Cup,Thailand,3.5
Batchelors,Pack,UK,2.0
Wei Lih,Pack,Taiwan,3.75
Nongshim,Cup,South Korea,3.5
Wei Chuan,Pack,Taiwan,4.0
Maruchan,Pack,USA,3.25
Lucky Me!,Pack,Philippines,4.0
Little Cook,Cup,Thailand,3.25
Batchelors,Pack,UK,3.5
Thai Kitchen,Pack,USA,1.5
Thai Kitchen,Pack,USA,3.75
Haioreum,Bowl,South Korea,3.5
Nongshim,Pack,South Korea,4.0
Batchelors,Pack,UK,3.25
Batchelors,Bowl,UK,2.5
Mama,Bowl,Thailand,3.5
Vifon,Bowl,Vietnam,4.25
Vifon,Pack,Vietnam,2.75
Sunlight,Pack,Taiwan,2.1
Vedan,Pack,Taiwan,3.25
Ve Wong,Bowl,Taiwan,1.5
Baijia,Cup,China,0.0
Vifon,Pack,Vietnam,2.25
Koyo,Pack,USA,2.5
Koyo,Pack,USA,2.75
Baijia,Pack,China,0.0
Baijia,Pack,China,1.75
Nongshim,Pack,South Korea,4.75
Pot Noodle,Cup,UK,3.0
Menraku,Bowl,Japan,3.75
Batchelors,Pack,UK,3.5
Maggi,Pack,India,3.75
Noah Foods,Bowl,Vietnam,2.0
Maruchan,Tray,USA,3.0
Shirakiku,Pack,Japan,3.25
O Sung,Cup,South Korea,2.5
Saigon Ve Wong,Bowl,Vietnam,3.0
Paldo,Cup,South Korea,4.0
Goku Uma,Bowl,Japan,3.5
Foodmon,Bowl,South Korea,5.0
Batchelors,Bowl,UK,4.0
Uni-President,Cup,Taiwan,3.75
Yum Yum,Pack,Thailand,3.25
Batchelors,Pack,UK,4.25
Sahmyook,Pack,South Korea,3.25
Myojo,Bowl,Japan,4.0
Wai Wai,Cup,Thailand,3.0
Long Kow,Bowl,China,1.5
Batchelors,Pack,UK,3.75
Mi Sedaap,Pack,Indonesia,4.75
Batchelors,Pack,UK,2.75
Yum Yum,Pack,Thailand,3.5
Samyang,Cup,South Korea,2.75
Super Bihun,Pack,Indonesia,3.0
Batchelors,Pack,UK,3.25
Nissin,Pack,Japan,4.25
Mi Sedaap,Pack,Indonesia,4.0
Pot Noodle,Cup,UK,3.75
Lucky Me!,Pack,Philippines,5.0
Yum Yum,Pack,Thailand,3.5
Golden Wheat,Pack,China,3.5
Unox,Pack,Holland,3.5
Menraku,Bowl,Japan,4.75
Mi Sedaap,Pack,Indonesia,3.0
Yum Yum,Pack,Thailand,3.5
Nissin,Pack,USA,3.25
Nissin,Pack,Japan,3.0
Lucky Me!,Pack,Philippines,0.5
Mama,Pack,Thailand,2.0
Ottogi,Pack,South Korea,4.25
Wai Wai,Pack,Thailand,0.9
Mama,Pack,Thailand,3.1
Paldo,Pack,South Korea,4.75
Doll,Pack,Hong Kong,4.25
Yum Yum,Pack,Thailand,3.25
Mee Jang,Bowl,Thailand,3.5
Sapporo Ichiban,Pack,USA,2.0
Unox,Pack,Holland,3.75
Little Cook,Bowl,Thailand,2.75
Annie Chun's,Pack,USA,1.5
JML,Pack,China,3.75
Nissin,Cup,Hong Kong,3.75
Dragonfly,Bowl,China,4.5
Samyang,Pack,South Korea,4.25
Menraku,Bowl,Japan,4.25
Nan Hsing,Bowl,Taiwan,0.25
Snapdragon,Cup,Singapore,2.0
Dragonfly,Bowl,China,4.5
Thai Kitchen,Pack,USA,4.25
Wang,Bowl,South Korea,3.5
Tradition,Cup,USA,2.5
Shirakiku,Bowl,Japan,3.0
Dragonfly,Bowl,China,4.0
Paldo,Bowl,South Korea,3.75
Menraku,Bowl,Japan,2.75
Snapdragon,Cup,Singapore,3.75
Ve Wong,Bowl,Taiwan,4.0
Samyang,Cup,South Korea,3.75
Dragonfly,Bowl,China,3.75
Nongshim,Cup,South Korea,2.5
JML,Pack,China,3.5
Knorr,Pack,Pakistan,3.0
GreeNoodle,Pack,Thailand,1.0
Sunlee,Bowl,Thailand,2.0
Nongshim,Pack,South Korea,3.25
Mexi-Ramen,Pack,USA,2.5
Dragonfly,Bowl,China,4.75
Hsin Tung Yang,Pack,Taiwan,0.0
Nissin,Pack,Japan,4.0
Maruchan,Tray,USA,2.75
Ottogi,Pack,South Korea,3.25
Snapdragon,Cup,Singapore,3.5
Pulmuone,Pack,South Korea,3.0
Noah Foods,Bowl,Vietnam,2.75
JML,Pack,China,3.75
Foodmon,Bowl,South Korea,5.0
JML,Pack,China,3.25
Kailo,Bowl,Hong Kong,3.5
Kailo,Bowl,Hong Kong,2.75
Kamfen,Pack,China,3.0
Ottogi,Cup,South Korea,3.0
Ottogi,Cup,South Korea,4.25
Itomen,Bowl,Japan,4.5
Menraku,Bowl,Japan,4.5
Thai Kitchen,Bowl,USA,3.75
Thai Kitchen,Bowl,USA,3.25
Nongshim,Pack,South Korea,3.75
Vedan,Pack,Taiwan,1.75
Mr. Udon,Pack,South Korea,3.0
Annie Chun's,Bowl,USA,1.75
Gefen,Pack,USA,3.25
Saigon Ve Wong,Bowl,Vietnam,3.75
Myojo,Bowl,Japan,4.5
Thai Kitchen,Bowl,USA,3.75
Koyo,Pack,USA,1.5
Maruchan,Pack,USA,3.25
Gefen,Pack,USA,3.5
Paldo,Pack,South Korea,3.75
Vifon,Pack,Vietnam,1.75
Saigon Ve Wong,Bowl,Vietnam,3.5
Nissin,Bowl,USA,2.75
Mama,Pack,Thailand,3.25
Ottogi,Pack,South Korea,3.0
Nissin,Pack,USA,3.5
Samyang,Pack,South Korea,3.5
Menraku,Bowl,Japan,5.0
Gefen,Pack,USA,3.0
Ve Wong,Bowl,Taiwan,3.75
Ibumie,Pack,Malaysia,4.5
Ve Wong,Bowl,Taiwan,3.75
Baijia,Cup,China,0.25
Koyo,Pack,USA,1.5
Nongshim,Bowl,USA,3.25
Myojo,Pack,Japan,4.0
Myojo,Bowl,Japan,4.0
Ottogi,Pack,South Korea,3.25
Wu Mu,Pack,Taiwan,4.25
Ve Wong,Bowl,Taiwan,3.75
Ve Wong,Pack,Vietnam,4.75
Sao Tao,Bowl,Hong Kong,2.25
iNoodle,Pack,Taiwan,2.25
Mr. Udon,Pack,South Korea,3.25
Lucky Me!,Pack,Philippines,4.0
Nongshim,Pack,South Korea,4.5
Ottogi,Pack,South Korea,3.75
Maruchan,Cup,USA,2.75
Little Cook,Bowl,Thailand,3.0
Samyang,Bowl,South Korea,3.75
Nongshim,Bowl,South Korea,3.25
Unif,Bowl,Taiwan,3.75
Mi Sedaap,Pack,Indonesia,4.25
Mi Sedaap,Pack,Indonesia,4.5
Lucky Me!,Bowl,Philippines,3.25
Ve Wong,Bowl,Taiwan,2.5
Unif / Tung-I,Pack,Taiwan,2.75
Quickchow,Pack,Philippines,5.0
Quickchow,Pack,Philippines,3.75
Kamfen,Pack,China,3.75
Koka,Pack,Singapore,5.0
Vifon,Pack,Vietnam,3.0
Chikara,Pack,USA,4.5
Q,Pack,Taiwan,3.25
Noodle Time,Cup,South Korea,3.0
Vifon,Bowl,Vietnam,4.0
Myojo,Bowl,Japan,2.75
Sapporo Ichiban,Cup,USA,3.5
Myojo,Bowl,Japan,4.25
iNoodle,Pack,Taiwan,3.75
Vifon,Pack,Vietnam,3.5
Sapporo Ichiban,Cup,USA,3.75
Ve Wong,Bowl,Taiwan,3.75
Doll,Pack,Hong Kong,2.5
Souper,Pack,Taiwan,4.25
Maruchan,Bowl,Japan,4.125
Sunlee,Bowl,Thailand,3.25
Lucky Me!,Pack,Philippines,3.75
Payless,Pack,Philippines,4.0
Gomex,Pack,Vietnam,2.25
Ottogi,Cup,South Korea,3.5
Vifon,Pack,Vietnam,3.75
Ibumie,Pack,Malaysia,3.25
Vina Acecook,Pack,Vietnam,3.75
Maruchan,Cup,USA,2.25
Sao Tao,Bowl,Hong Kong,3.0
Myojo,Bowl,Japan,4.25
Nissin,Cup,Hong Kong,4.25
Paldo,Cup,South Korea,3.75
Paldo,Bowl,South Korea,3.75
Quickchow,Cup,Philippines,3.0
Vina Acecook,Bowl,Vietnam,4.25
Ottogi,Cup,South Korea,3.0
Paldo,Cup,South Korea,3.5
Kamfen,Tray,China,2.0
Nissin,Tray,Japan,5.0
Myojo,Pack,Japan,4.25
Menraku,Bowl,Japan,4.0
Mama,Pack,Thailand,2.75
Maruchan,Cup,USA,2.75
Nissin,Bowl,USA,3.75
US Canning,Tray,USA,0.0
Ve Wong,Bowl,Taiwan,1.25
Nissin,Pack,Japan,4.0
Lucky Me!,Pack,Philippines,2.75
Lucky Me!,Pack,Philippines,2.5
Saigon Ve Wong,Pack,Vietnam,4.25
Rhee Bros Assi,Tray,South Korea,3.75
Nissin,Tray,USA,2.5
Ve Wong,Bowl,Taiwan,3.75
Sau Tao,Bowl,Hong Kong,4.0
Sau Tao,Bowl,Hong Kong,2.75
Vifon,Pack,Vietnam,0.5
Vifon,Pack,Vietnam,3.75
Nissin,Cup,USA,2.75
Noodle Time,Bowl,Canada,0.5
Nissin,Tray,USA,3.75
Fuku,Pack,Hong Kong,5.0
Bon Go Jang,Tray,South Korea,3.75
Knorr,Cup,Thailand,3.5
Saigon Ve Wong,Pack,Vietnam,3.25
Payless,Pack,Philippines,2.75
Nissin,Cup,Singapore,3.25
Sao Tao,Bowl,Hong Kong,2.5
Nissin,Pack,Japan,3.5
Vina Acecook,Pack,Vietnam,4.5
Tayho,Bowl,USA,1.25
Nissin,Cup,USA,2.5
Nissin,Bowl,USA,3.75
Doll,Pack,Hong Kong,3.75
Payless,Pack,Philippines,4.0
Maruchan,Pack,USA,2.75
Nongshim,Bowl,South Korea,2.5
Maruchan,Cup,USA,3.0
Nissin,Pack,USA,3.25
Maruchan,Pack,USA,2.75
Nissin,Pack,USA,3.0
Nissin,Bowl,USA,3.5
Ottogi,Bowl,South Korea,3.25
Paldo,Bowl,South Korea,3.5
Sunny Maid,Pack,Taiwan,1.75
Paldo,Bowl,South Korea,3.125
Myojo,Pack,Japan,3.5
Paldo,Pack,South Korea,3.75
Super Bihun,Pack,Indonesia,4.5
Nongshim,Bowl,South Korea,3.5
Vina Acecook,Pack,Vietnam,3.75
Shirakiku,Pack,Japan,4.0
Payless,Pack,Philippines,4.5
Nissin,Cup,USA,2.25
Maruchan,Pack,USA,5.0
Six Fortune,Pack,South Korea,3.5
Goku Uma,Bowl,Japan,3.5
Nissin,Cup,USA,2.125
Nissin,Cup,USA,2.25
Nongshim,Cup,South Korea,3.75
Sunlee,Bowl,Thailand,4.5
Vifon,Pack,Vietnam,3.25
Mee Jang,Bowl,Thailand,3.5
Nongshim,Bowl,South Korea,4.5
Gomex,Pack,Vietnam,3.5
Little Cook,Bowl,Thailand,4.0
Mee Jang,Bowl,Thailand,3.5
Nongshim,Bowl,South Korea,3.5
Ottogi,Cup,South Korea,3.5
Unif,Bowl,Taiwan,3.75
Little Cook,Bowl,Thailand,4.75
Maruchan,Pack,USA,4.0
Maruchan,Pack,USA,3.75
Unif,Bowl,Taiwan,3.25
Maruchan,Tray,USA,4.0
Unif,Bowl,Taiwan,3.5
Unif,Bowl,Taiwan,2.75
Paldo,Tray,South Korea,2.5
Paldo,Tray,South Korea,4.25
Lucky Me!,Bowl,Philippines,1.75
Vifon,Pack,Vietnam,2.0
Lucky Me!,Pack,Philippines,2.5
Paldo,Tray,South Korea,3.75
Tradition,Pack,USA,3.75
Royal Umbrella,Cup,Thailand,2.75
Rhee Bros Assi,Tray,South Korea,3.75
Lucky Me!,Bowl,Philippines,3.75
Mama,Bowl,Thailand,3.5
Paldo,Tray,South Korea,3.25
Samyang,Bowl,South Korea,3.75
Dragonfly,Bowl,China,4.5
Wu Mu,Pack,Taiwan,5.0
Lucky Me!,Bowl,Philippines,3.75
Nongshim,Pack,South Korea,2.75
Rhee Bros Assi,Tray,South Korea,3.25
Nissin,Cup,Hong Kong,3.25
Tablemark,Bowl,Japan,4.5
Paldo,Pack,South Korea,3.75
Tiger,Bowl,Taiwan,0.0
Paldo,Pack,South Korea,3.75
Nongshim,Bowl,South Korea,3.0
Doll,Pack,Hong Kong,3.0
Paldo,Pack,South Korea,2.0
Saigon Ve Wong,Pack,South Korea,3.25
Paldo,Cup,South Korea,3.75
Myojo,Tray,Japan,4.0
Doll,Pack,Hong Kong,4.5
Nissin,Cup,Hong Kong,4.5
Paldo,Cup,South Korea,4.0
Doll,Pack,Hong Kong,4.25
Mama,Cup,Thailand,3.0
Rhee Bros Assi,Tray,South Korea,4.0
Rhee Bros Assi,Tray,South Korea,3.75
Fortune,Pack,USA,3.0
Vina Acecook,Pack,Vietnam,4.0
Wai Wai,Pack,Thailand,3.25
Mama,Cup,Thailand,3.75
Ve Wong,Pack,Taiwan,4.0
Wai Wai,Pack,Thailand,2.5
Vina Acecook,Pack,Vietnam,3.5
Paldo,Pack,South Korea,3.5
Wu Mu,Pack,Taiwan,2.0
Paldo,Bowl,South Korea,3.5
Nissin,Cup,USA,3.5
Mama,Cup,Thailand,2.0
Vina Acecook,Pack,Vietnam,4.0
Nissin,Cup,USA,3.5
Vina Acecook,Pack,Vietnam,3.75
Nissin,Tray,USA,1.5
Vina Acecook,Pack,Vietnam,3.75
Vina Acecook,Pack,Vietnam,3.75
Nissin,Bowl,USA,3.5
Vina Acecook,Pack,Vietnam,4.0
Royal Umbrella,Cup,Thailand,3.25
Nissin,Cup,USA,3.5
Nissin,Cup,USA,3.5
Mama,Cup,Thailand,3.75
Vina Acecook,Pack,Vietnam,4.0
Nongshim,Bowl,USA,4.25
Fortune,Pack,USA,3.25
Fortune,Pack,USA,3.5
Wu Mu,Pack,Taiwan,3.75
Unif,Pack,Taiwan,3.75
Koka,Pack,Singapore,4.75
Myojo,Pack,Japan,3.0
Mama,Pack,Thailand,3.0
Six Fortune,Pack,South Korea,3.75
Nissin,Tray,Japan,4.75
Myojo,Pack,Japan,4.5
Fashion Foods,Bowl,Thailand,2.0
Fu Chang Chinese Noodle Company,Tray,USA,4.0
Sanyo Foods,Bowl,Japan,4.5
Ottogi,Pack,South Korea,1.75
Nissin,Bowl,USA,4.0
Koka,Bowl,Singapore,3.0
Koka,Pack,Singapore,5.0
Koka,Pack,Singapore,4.25
Myojo,Pack,Japan,3.75
Koka,Bowl,Singapore,3.5
Indomie,Pack,Indonesia,5.0
Indomie,Pack,Indonesia,4.5
Lucky Me!,Bowl,Philippines,3.75
Myojo,Pack,Japan,3.75
Vifon,Bowl,Vietnam,2.0
Quickchow,Pack,Philippines,1.75
Nissin,Tray,USA,4.0
Ottogi,Pack,South Korea,3.75
Mama,Bowl,Thailand,2.75
Koka,Bowl,Singapore,4.25
Myojo,Pack,Japan,3.0
Nissin,Pack,USA,3.75
Wei Lih,Pack,Taiwan,3.0
Six Fortune,Pack,South Korea,2.75
Maruchan,Tray,USA,3.0
Samyang,Bowl,South Korea,4.0
Maruchan,Cup,USA,2.75
Maruchan,Tray,USA,2.0
Maruchan,Tray,USA,2.0
Nongshim,Bowl,USA,4.0
Maruchan,Tray,USA,3.75
Vina Acecook,Tray,Vietnam,3.5
Rocket Brand,Pack,China,2.5
Nissin,Bowl,USA,3.0
Sao Tao,Pack,China,4.25
Sapporo Ichiban,Pack,USA,3.5
Bon Go Jang,Bowl,South Korea,3.0
Sapporo Ichiban,Pack,USA,4.5
Nongshim,Bowl,USA,2.5
Nongshim,Bowl,USA,2.0
Nongshim,Bowl,USA,3.25
Nongshim,Bowl,USA,3.5
Nongshim,Bowl,USA,4.5
Samyang,Pack,South Korea,2.0
Shirakiku,Bowl,Japan,4.25
Rhee Bros Assi,Tray,South Korea,2.25
Nissin,Cup,India,1.5
Myojo,Pack,Japan,3.0
Saigon Ve Wong,Pack,Vietnam,3.5
Boss,Bowl,Thailand,2.5
Paldo,Pack,South Korea,4.25
Wu Mu,Pack,Taiwan,3.25
Maggi,Pack,Malaysia,2.9
Nissin,Cup,India,3.0
Nongshim,Pack,South Korea,4.0
Paldo,Pack,South Korea,4.0
Paldo,Pack,South Korea,3.5
Shirakiku,Bowl,Japan,3.75
Myojo,Pack,Japan,3.75
Nissin,Bowl,USA,2.0
Myojo,Pack,Japan,3.25
Kamfen,Pack,China,2.0
Myojo,Tray,Japan,4.75
Mama,Pack,Thailand,3.0
Mama,Pack,Thailand,2.0
Vifon,Pack,Vietnam,3.75
Paldo,Tray,South Korea,4.125
Samyang,Pack,South Korea,3.0
Lucky Me!,Pack,Philippines,0.25
Unif / Tung-I,Pack,Taiwan,1.5
Mama,Pack,Thailand,3.75
Samyang,Pack,South Korea,3.75
Myojo,Pack,Japan,3.5
Samyang,Pack,South Korea,2.25
JFC,Bowl,Japan,3.75
Wai Wai,Pack,Thailand,2.5
Koyo,Pack,USA,3.25
Doll,Pack,Hong Kong,3.5
Unif / Tung-I,Pack,Taiwan,3.75
Vifon,Pack,Vietnam,3.5
Myojo,Pack,Japan,3.75
Paldo,Pack,South Korea,0.0
Myojo,Bowl,Japan,1.5
Mama,Pack,Thailand,1.75
Mama,Cup,Thailand,2.5
Nissin,Cup,Philippines,2.0
Maruchan,Cup,USA,3.0
Lucky Me!,Pack,Philippines,4.75
Nissin,Cup,USA,1.75
Sapporo Ichiban,Cup,USA,1.75
Wu Mu,Pack,Taiwan,4.5
Shirakiku,Pack,Japan,3.0
Chorip Dong,Bowl,South Korea,4.25
Maruchan,Bowl,Japan,4.0
Myojo,Pack,Japan,3.75
Higashi,Pack,Japan,5.0
Mama,Pack,Thailand,2.5
Sakurai,Pack,Japan,3.5
Nongshim,Pack,South Korea,3.5
Mama,Pack,Thailand,2.75
Nissin,Tray,USA,4.5
Six Fortune,Pack,South Korea,2.5
Mama,Pack,Thailand,5.0
Kamfen,Pack,China,1.75
Unif,Pack,Taiwan,3.0
Nissin,Bowl,USA,1.75
Mama,Pack,Thailand,5.0
Unif / Tung-I,Pack,Taiwan,3.25
Global Inspiration,Bowl,South Korea,2.25
Baijia,Pack,China,0.0
Ve Wong,Pack,Taiwan,3.5
Unif,Pack,Taiwan,3.25
Sapporo Ichiban,Pack,Japan,3.5
Nongshim,Pack,South Korea,3.5
Mama,Pack,Thailand,0.1
Vifon,Pack,Vietnam,2.8
Mama,Pack,Thailand,1.5
Shirakiku,Pack,Japan,3.0
Nissin,Tray,Japan,5.0
Wai Wai,Pack,Thailand,3.7
Doll,Pack,Hong Kong,4.0
Ottogi,Pack,South Korea,4.0
Samyang,Pack,South Korea,4.0
Ve Wong,Pack,Taiwan,3.4
Paldo,Pack,South Korea,3.75
Ottogi,Pack,South Korea,4.0
Mama,Pack,Thailand,3.6
Ottogi,Pack,South Korea,2.8
Samyang,Pack,South Korea,2.9
Nongshim,Pack,South Korea,4.0
Ottogi,Pack,South Korea,3.75
Ottogi,Pack,South Korea,3.25
Lucky Me!,Pack,Philippines,1.5
Mama,Pack,Thailand,3.1
Teriyaki Time,Bowl,USA,2.0
Ottogi,Pack,South Korea,1.1
GreeNoodle,Pack,Thailand,0.5
Indomie,Pack,Indonesia,5.0
Maruchan,Pack,USA,2.0
Ve Wong,Pack,Taiwan,3.0
Indomie,Pack,Indonesia,1.5
Ve Wong,Pack,Taiwan,4.25
Unif / Tung-I,Pack,Taiwan,2.85
Ve Wong,Pack,Taiwan,2.75
Unif / Tung-I,Pack,Taiwan,2.5
Saigon Ve Wong,Pack,Vietnam,2.5
Saigon Ve Wong,Pack,Vietnam,3.75
Wei Lih,Pack,Taiwan,1.0
Mama,Pack,Thailand,2.5
Payless,Pack,Philippines,4.5
Fashion Food,Bowl,Thailand,2.0
Binh Tay,Pack,Vietnam,2.75
Long Kow,Pack,China,2.3
Unif,Pack,Taiwan,3.2
Paldo,Pack,South Korea,3.25
Wai Wai,Pack,Thailand,2.75
Unif / Tung-I,Pack,Taiwan,3.65
Nissin,Pack,Japan,3.75
Samyang,Pack,South Korea,1.8
Nissin,Pack,Japan,2.0
Nissin,Pack,Japan,2.75
Unif / Tung-I,Pack,Taiwan,3.5
Unif / Tung-I,Pack,Taiwan,3.5
Sapporo Ichiban,Pack,Japan,3.25
Nissin,Pack,Japan,2.5
Nissin,Pack,Japan,3.25
Indomie,Pack,Indonesia,2.5
Indomie,Pack,Indonesia,4.5
Nissin,Pack,Japan,4.0
Nissin,Pack,Japan,3.5
Nissin,Pack,Japan,3.5
Nissin,Pack,Japan,2.5
Nissin,Pack,Japan,4.0
Baijia,Pack,China,1.75
Wei Lih,Pack,Taiwan,4.0
Maruchan,Pack,USA,2.0
Maruchan,Pack,USA,4.0
Nissin,Pack,USA,2.5
Sapporo Ichiban,Pack,USA,3.5
Nissin,Bowl,Japan,3.0
Maggi,Pack,India,1.5
Maggi,Pack,India,2.5
Maggi,Pack,India,2.0
Maggi,Pack,India,3.5
Ve Wong,Pack,Taiwan,3.0
Doll,Tray,Hong Kong,3.0
Doll,Pack,Hong Kong,1.0
Hua Feng Noodle Expert,Pack,China,1.0
Hua Feng Noodle Expert,Pack,China,3.0
Indomie,Cup,Indonesia,2.0
Indomie,Pack,Indonesia,4.0
Indomie,Pack,Indonesia,5.0
Indomie,Pack,Indonesia,5.0
Indomie,Pack,Indonesia,4.5
Indomie,Pack,Indonesia,3.0
Indomie,Pack,Indonesia,5.0
Indomie,Pack,Indonesia,3.0
Indomie,Pack,Indonesia,5.0
Indomie,Pack,Indonesia,4.25
Kim Ve Wong,Bowl,Taiwan,0.0
Ve Wong,Pack,Vietnam,2.75
Little Cook,Bowl,Thailand,0.5
Lucky Me!,Pack,Philippines,3.0
Lucky Me!,Bowl,Philippines,3.0
Lucky Me!,Pack,Philippines,3.0
Lucky Me!,Pack,Philippines,3.0
Lucky Me!,Pack,Philippines,3.0
Mama,Pack,Thailand,3.0
Maruchan,Pack,USA,2.0
Koka,Pack,Singapore,3.75
Koka,Pack,Singapore,3.5
Myojo,Tray,Japan,4.0
Myojo,Pack,Japan,1.0
Mee Jang,Bowl,Thailand,3.5
Nissin,Pack,Japan,5.0
Nissin,Pack,Japan,4.0
Nissin,Pack,Japan,4.0
Nissin,Pack,Japan,3.0
Nissin,Pack,Japan,2.0
Nissin,Pack,USA,4.5
Nongshim,Pack,South Korea,3.75
Nongshim,Pack,South Korea,4.0
Nongshim,Pack,South Korea,3.5
Nongshim,Pack,South Korea,4.0
Ottogi,Pack,South Korea,3.5
Quickchow,Pack,Philippines,2.5
Samyang,Pack,South Korea,3.5
Samyang,Pack,South Korea,2.5
Samyang,Pack,South Korea,3.5
Sapporo Ichiban,Pack,Japan,5.0
Sapporo Ichiban,Pack,Japan,2.5
Six Fortune,Pack,South Korea,2.0
Smack,Pack,USA,1.5
Sutah,Cup,South Korea,2.0
Tung-I,Pack,Taiwan,3.0
Ve Wong,Pack,Vietnam,1.0
Vifon,Pack,Vietnam,2.5
Vifon,Bowl,Vietnam,3.5
Wai Wai,Pack,Thailand,1.0
Wai Wai,Pack,Thailand,2.0
Wai Wai,Pack,Thailand,2.0
Westbrae,Pack,USA,0.5
