index,MSSubClass:string,MSZoning,LotFrontage,LotArea,Street,LotShape,LandContour,Utilities,LotConfig,LandSlope,Neighborhood,Condition1,Condition2,BldgType,HouseStyle,OverallQual,OverallCond,YearBuilt,YearRemodAdd,RoofStyle,RoofMatl,Exterior1st,Exterior2nd,MasVnrType,MasVnrArea,ExterQual,ExterCond,Foundation,BsmtQual,BsmtCond,BsmtExposure,BsmtFinType1,BsmtFinSF1,BsmtFinType2,BsmtFinSF2,BsmtUnfSF,TotalBsmtSF,Heating,HeatingQC,CentralAir,Electrical,1stFlrSF,2ndFlrSF,LowQualFinSF,GrLivArea,BsmtFullBath,BsmtHalfBath,FullBath,HalfBath,BedroomAbvGr,KitchenAbvGr,KitchenQual,TotRmsAbvGrd,Functional,Fireplaces,FireplaceQu,GarageType,GarageYrBlt,GarageFinish,GarageCars,GarageArea,GarageQual,GarageCond,PavedDrive,WoodDeckSF,OpenPorchSF,EnclosedPorch,3SsnPorch,ScreenPorch,PoolArea,MiscVal,MoSold,YrSold,SaleType,SaleCondition,SalePrice
66,20,RL,60.0,19900,Pave,Reg,Lvl,AllPub,Inside,Gtl,NAmes,PosA,Norm,1Fam,1Story,7,5,1970,1989,Gable,CompShg,Plywood,Plywood,BrkFace,287.0,TA,TA,CBlock,Gd,TA,Gd,GLQ,912,Unf,0,1035,1947,GasA,TA,Y,SBrkr,2207,0,0,2207,1,0,2,0,3,1,TA,7,Min1,1,Gd,Attchd,1970.0,RFn,2,576,TA,TA,Y,301,0,0,0,0,0,0,7,2010,WD,Normal,180000
910,90,RH,82.0,6270,Pave,Reg,HLS,AllPub,Inside,Gtl,Crawfor,Norm,Norm,Duplex,2Story,5,6,1949,1950,Gable,CompShg,MetalSd,MetalSd,None,0.0,TA,TA,CBlock,TA,TA,No,BLQ,284,Unf,0,717,1001,GasA,TA,N,FuseA,1001,1001,0,2002,0,0,2,0,4,2,TA,8,Typ,0,NF,2Types,1949.0,Unf,3,871,TA,TA,Y,0,0,0,0,0,0,0,8,2007,WD,Normal,145000
1320,50,RM,60.0,10440,Pave,Reg,Lvl,AllPub,Corner,Gtl,OldTown,Norm,Norm,1Fam,1.5Fin,6,7,1920,1950,Gable,CompShg,BrkFace,Wd Sdng,None,0.0,Gd,Gd,BrkTil,Gd,TA,No,LwQ,493,Unf,0,1017,1510,GasW,Ex,Y,SBrkr,1584,1208,0,2792,0,0,2,0,5,1,TA,8,Mod,2,TA,Detchd,1920.0,Unf,2,520,Fa,TA,Y,0,547,0,0,480,0,1150,6,2008,WD,Normal,256000
905,20,RL,60.0,8885,Pave,IR1,Low,AllPub,Inside,Mod,Mitchel,Norm,Norm,1Fam,1Story,5,5,1983,1983,Gable,CompShg,HdBoard,HdBoard,None,0.0,TA,TA,CBlock,Gd,TA,Av,BLQ,301,ALQ,324,239,864,GasA,TA,Y,SBrkr,902,0,0,902,1,0,1,0,2,1,TA,5,Typ,0,NF,Attchd,1983.0,Unf,2,484,TA,TA,Y,164,0,0,0,0,0,0,6,2006,WD,Normal,131000
1116,20,RL,60.0,8926,Pave,IR1,Lvl,AllPub,Corner,Gtl,Edwards,Norm,Norm,1Fam,1Story,4,3,1956,1956,Gable,CompShg,AsbShng,AsbShng,None,0.0,TA,TA,CBlock,TA,TA,No,Unf,0,Unf,0,672,672,GasA,Ex,Y,FuseA,960,0,0,960,0,0,1,0,3,1,TA,5,Typ,0,NF,Basment,1956.0,Unf,1,288,TA,TA,Y,64,0,0,0,160,0,0,10,2009,COD,Abnorml,112000
966,50,RL,60.0,10800,Pave,Reg,Lvl,AllPub,Inside,Gtl,NAmes,Norm,Norm,1Fam,1.5Fin,4,4,1949,1950,Gable,CompShg,AsbShng,AsbShng,None,0.0,TA,TA,CBlock,TA,TA,No,Unf,0,Unf,0,720,720,GasA,TA,N,FuseA,720,472,0,1192,0,0,1,1,4,1,TA,6,Typ,0,NF,NG,NG,NG,0,0,NG,NG,Y,0,0,0,0,0,0,0,12,2006,WD,Abnorml,135000
423,20,RL,72.0,9000,Pave,Reg,Lvl,AllPub,Inside,Gtl,NAmes,Norm,Norm,1Fam,1Story,6,5,1956,1956,Gable,CompShg,Wd Sdng,Wd Sdng,BrkFace,74.0,TA,TA,CBlock,Gd,TA,No,LwQ,616,Unf,0,580,1196,GasA,Gd,Y,FuseA,1196,0,0,1196,1,0,1,0,2,1,TA,6,Typ,1,Gd,Attchd,1956.0,RFn,1,297,TA,TA,Y,0,44,0,0,0,0,0,5,2008,WD,Normal,139000
294,80,RL,37.0,7937,Pave,IR1,Lvl,AllPub,CulDSac,Gtl,Mitchel,Norm,Norm,1Fam,SLvl,6,6,1984,1984,Gable,CompShg,HdBoard,HdBoard,None,0.0,TA,TA,CBlock,TA,TA,Av,GLQ,819,Unf,0,184,1003,GasA,TA,Y,SBrkr,1003,0,0,1003,1,0,1,0,3,1,TA,6,Typ,0,NF,Detchd,1984.0,Unf,2,588,TA,TA,Y,120,0,0,0,0,0,0,3,2006,WD,Normal,142500
73,20,RL,85.0,10200,Pave,Reg,Lvl,AllPub,Inside,Gtl,NAmes,Norm,Norm,1Fam,1Story,5,7,1954,2003,Gable,CompShg,Wd Sdng,Wd Sdng,BrkFace,104.0,TA,TA,CBlock,TA,TA,No,ALQ,320,BLQ,362,404,1086,GasA,Gd,Y,SBrkr,1086,0,0,1086,1,0,1,0,3,1,TA,6,Typ,0,NF,Attchd,1989.0,Unf,2,490,TA,TA,Y,0,0,0,0,0,0,0,5,2010,WD,Normal,144900
169,20,RL,60.0,16669,Pave,IR1,Lvl,AllPub,Corner,Gtl,Timber,Norm,Norm,1Fam,1Story,8,6,1981,1981,Hip,WdShake,Plywood,Plywood,BrkFace,653.0,Gd,TA,CBlock,Gd,TA,No,Unf,0,Unf,0,1686,1686,GasA,TA,Y,SBrkr,1707,0,0,1707,0,0,2,1,2,1,TA,6,Typ,1,TA,Attchd,1981.0,RFn,2,511,TA,TA,Y,574,64,0,0,0,0,0,1,2006,WD,Normal,228000
86,60,RL,122.0,11911,Pave,IR2,Lvl,AllPub,Inside,Gtl,Gilbert,Norm,Norm,1Fam,2Story,6,5,2005,2005,Gable,CompShg,VinylSd,VinylSd,None,0.0,Gd,TA,PConc,Gd,TA,Av,Unf,0,Unf,0,684,684,GasA,Ex,Y,SBrkr,684,876,0,1560,0,0,2,1,3,1,Gd,6,Typ,1,Gd,BuiltIn,2005.0,Fin,2,400,TA,TA,Y,100,38,0,0,0,0,0,3,2009,WD,Normal,174000
265,60,RL,70.0,11207,Pave,IR1,HLS,AllPub,FR2,Gtl,Gilbert,Norm,Norm,1Fam,2Story,6,5,1997,1997,Gable,CompShg,VinylSd,VinylSd,None,0.0,TA,TA,PConc,Gd,TA,Av,GLQ,714,Unf,0,88,802,GasA,Gd,Y,SBrkr,802,709,0,1511,1,0,2,1,3,1,TA,8,Typ,1,TA,Attchd,1997.0,Fin,2,413,TA,TA,Y,95,75,0,0,0,0,0,6,2006,WD,Normal,185000
389,50,RL,50.0,8405,Pave,Reg,Lvl,AllPub,Inside,Gtl,Edwards,Norm,Norm,1Fam,1.5Fin,5,8,1900,1950,Gable,CompShg,MetalSd,MetalSd,None,0.0,TA,TA,BrkTil,TA,Gd,No,Rec,241,BLQ,391,229,861,GasA,Ex,Y,SBrkr,961,406,0,1367,1,0,1,0,4,1,TA,7,Typ,0,NF,Detchd,1978.0,Unf,1,384,TA,TA,Y,0,130,112,0,0,0,0,4,2008,WD,Normal,119000
380,20,FV,60.0,7200,Pave,Reg,Lvl,AllPub,Inside,Gtl,Somerst,Norm,Norm,1Fam,1Story,7,5,2006,2006,Gable,CompShg,VinylSd,VinylSd,None,0.0,Gd,TA,PConc,Gd,Gd,No,Unf,0,Unf,0,1293,1293,GasA,Ex,Y,SBrkr,1301,0,0,1301,1,0,2,0,2,1,Gd,5,Typ,1,Gd,Attchd,2006.0,RFn,2,572,TA,TA,Y,216,121,0,0,0,0,0,8,2006,New,Partial,187750
287,20,RL,60.0,9819,Pave,IR1,Lvl,AllPub,Inside,Gtl,Sawyer,Norm,Norm,1Fam,1Story,5,5,1967,1967,Gable,CompShg,MetalSd,MetalSd,BrkFace,31.0,TA,Gd,CBlock,TA,TA,No,BLQ,450,Unf,0,432,882,GasA,TA,Y,SBrkr,900,0,0,900,0,0,1,0,3,1,TA,5,Typ,0,NF,Detchd,1970.0,Unf,1,280,TA,TA,Y,0,0,0,0,0,0,0,2,2010,WD,Normal,122000
1319,20,RL,60.0,6600,Pave,Reg,Lvl,AllPub,Inside,Gtl,Mitchel,Norm,Norm,1Fam,1Story,5,9,1982,2008,Gable,CompShg,VinylSd,VinylSd,None,0.0,Gd,Gd,CBlock,TA,TA,No,ALQ,641,Unf,0,175,816,GasA,Ex,Y,SBrkr,816,0,0,816,0,1,1,0,3,1,Gd,5,Typ,1,Ex,Attchd,1982.0,Unf,1,264,TA,TA,Y,0,0,0,0,0,0,0,10,2008,WD,Normal,130500
119,60,RL,65.0,8461,Pave,Reg,Lvl,AllPub,Inside,Gtl,CollgCr,Norm,Norm,1Fam,2Story,6,5,2005,2006,Gable,CompShg,VinylSd,VinylSd,None,0.0,Gd,TA,PConc,Gd,TA,No,Unf,0,Unf,0,728,728,GasA,Ex,Y,SBrkr,728,728,0,1456,0,0,2,1,3,1,Gd,8,Typ,1,Gd,Attchd,2005.0,Fin,2,390,TA,TA,Y,0,24,0,0,0,0,0,7,2006,New,Partial,163990
1430,60,RL,80.0,11584,Pave,Reg,Lvl,AllPub,Inside,Gtl,NWAmes,Norm,Norm,1Fam,SLvl,7,6,1979,1979,Hip,CompShg,HdBoard,HdBoard,BrkFace,96.0,TA,TA,CBlock,TA,TA,No,GLQ,315,Rec,110,114,539,GasA,TA,Y,SBrkr,1040,685,0,1725,0,0,2,1,3,1,TA,6,Typ,1,TA,Attchd,1979.0,RFn,2,550,TA,TA,Y,0,88,216,0,0,0,0,11,2007,WD,Normal,197000
1378,50,RM,60.0,8520,Pave,Reg,Lvl,AllPub,Inside,Gtl,OldTown,Artery,Norm,1Fam,1.5Fin,6,7,1916,1950,Gable,CompShg,Stucco,Stucco,None,0.0,TA,Gd,BrkTil,TA,TA,No,Rec,168,LwQ,546,0,714,GasW,TA,N,SBrkr,1664,862,0,2526,0,0,2,0,5,1,Gd,10,Typ,1,Gd,Detchd,1916.0,Unf,1,216,TA,TA,Y,88,15,0,0,0,0,0,8,2007,CWD,Family,136000
321,60,RL,86.0,10380,Pave,IR1,Lvl,AllPub,Inside,Gtl,SawyerW,Norm,Norm,1Fam,2Story,7,5,1986,1987,Gable,CompShg,Plywood,Plywood,BrkFace,172.0,Gd,TA,CBlock,TA,TA,Gd,LwQ,28,ALQ,1474,0,1502,GasA,Ex,Y,SBrkr,1553,1177,0,2730,1,0,2,1,4,1,Gd,8,Typ,1,TA,Attchd,1987.0,Fin,2,576,TA,TA,Y,201,96,0,0,0,0,0,8,2007,WD,Normal,301000
986,60,RL,80.0,9760,Pave,Reg,Lvl,AllPub,Inside,Mod,NAmes,Norm,Norm,1Fam,2Story,6,8,1964,1993,Hip,CompShg,Wd Sdng,Wd Sdng,BrkFace,340.0,TA,TA,CBlock,TA,TA,Gd,BLQ,536,Rec,117,169,822,GasA,Gd,Y,SBrkr,1020,831,0,1851,0,0,2,1,3,1,Gd,7,Typ,1,Fa,Attchd,1964.0,RFn,2,440,TA,TA,Y,239,42,0,0,0,0,0,7,2007,WD,Normal,187000
1423,30,RL,60.0,10800,Pave,Reg,Lvl,AllPub,Inside,Gtl,OldTown,Norm,Norm,1Fam,1Story,4,6,1927,2007,Gable,CompShg,Wd Sdng,Wd Sdng,None,0.0,TA,TA,BrkTil,TA,TA,No,Unf,0,Unf,0,656,656,GasA,TA,Y,SBrkr,968,0,0,968,0,0,2,0,4,1,TA,5,Typ,0,NF,Detchd,1928.0,Unf,1,216,Fa,Fa,Y,0,0,0,0,0,0,0,8,2007,WD,Normal,64500
1237,70,RL,60.0,11435,Pave,IR1,HLS,AllPub,Corner,Mod,Crawfor,Norm,Norm,1Fam,2Story,8,7,1929,1950,Gable,CompShg,BrkFace,Stucco,None,0.0,TA,TA,PConc,Gd,TA,No,Unf,0,Unf,0,792,792,GasA,Fa,Y,SBrkr,792,725,0,1517,0,0,1,0,3,1,Gd,7,Typ,2,Gd,Detchd,1931.0,Unf,2,400,TA,TA,Y,0,0,0,0,0,0,0,6,2006,WD,Normal,230000
698,20,RL,80.0,9600,Pave,Reg,Lvl,AllPub,Inside,Gtl,NWAmes,Norm,Norm,1Fam,1Story,7,5,1969,1969,Hip,CompShg,HdBoard,HdBoard,BrkFace,168.0,TA,TA,CBlock,TA,TA,No,Unf,0,Unf,0,1164,1164,GasA,TA,Y,SBrkr,1164,0,0,1164,0,0,1,1,3,1,TA,6,Typ,0,NF,Attchd,1969.0,Unf,2,528,TA,TA,Y,0,0,0,0,0,0,0,7,2006,COD,Normal,140000
411,20,FV,60.0,4403,Pave,IR2,Lvl,AllPub,Inside,Gtl,Somerst,Norm,Norm,1Fam,1Story,7,5,2009,2009,Gable,CompShg,MetalSd,MetalSd,Stone,432.0,Ex,TA,PConc,Ex,TA,Av,GLQ,578,Unf,0,892,1470,GasA,Ex,Y,SBrkr,1478,0,0,1478,1,0,2,1,2,1,Gd,7,Typ,1,Gd,Attchd,2009.0,Fin,2,484,TA,TA,Y,0,144,0,0,0,0,0,6,2010,New,Partial,222000
560,30,RL,63.0,13907,Pave,Reg,Lvl,AllPub,Inside,Gtl,Edwards,Norm,Norm,1Fam,1Story,5,6,1940,1969,Gable,CompShg,WdShing,Wd Shng,None,0.0,TA,TA,CBlock,TA,TA,No,BLQ,290,Unf,0,706,996,GasA,Ex,Y,SBrkr,996,0,0,996,1,0,1,0,3,1,TA,6,Typ,1,Gd,NG,NG,NG,0,0,NG,NG,Y,144,0,0,0,0,0,0,7,2008,WD,Normal,108000
228,20,RL,70.0,8521,Pave,Reg,Lvl,AllPub,FR2,Gtl,Sawyer,Feedr,Norm,1Fam,1Story,5,5,1967,1967,Gable,CompShg,HdBoard,HdBoard,None,0.0,TA,TA,CBlock,TA,TA,No,ALQ,842,Unf,0,70,912,GasA,TA,Y,SBrkr,912,0,0,912,0,0,1,0,3,1,TA,5,Typ,1,Fa,Detchd,1974.0,Unf,1,336,TA,TA,Y,0,0,0,0,0,0,0,5,2010,WD,Normal,125000
152,60,RL,60.0,14803,Pave,IR1,Lvl,AllPub,CulDSac,Gtl,NWAmes,Norm,Norm,1Fam,2Story,6,5,1971,1971,Gable,CompShg,HdBoard,HdBoard,BrkFace,252.0,TA,TA,CBlock,TA,TA,No,Rec,416,Unf,0,409,825,GasA,Gd,Y,SBrkr,1097,896,0,1993,0,0,2,1,4,1,TA,8,Typ,1,Gd,Attchd,1971.0,RFn,2,495,TA,TA,Y,0,66,0,0,0,0,0,6,2006,WD,Normal,190000
998,120,RL,43.0,3182,Pave,Reg,Lvl,AllPub,Inside,Gtl,Blmngtn,Norm,Norm,TwnhsE,1Story,7,5,2005,2006,Gable,CompShg,VinylSd,VinylSd,BrkFace,16.0,Gd,TA,PConc,Gd,TA,No,GLQ,16,Unf,0,1330,1346,GasA,Ex,Y,SBrkr,1504,0,0,1504,0,0,2,0,1,1,Gd,7,Typ,1,Gd,Attchd,2005.0,Fin,2,457,TA,TA,Y,156,0,0,0,0,0,0,5,2009,WD,Normal,181000
879,60,RL,60.0,9636,Pave,IR1,Lvl,AllPub,Corner,Gtl,Gilbert,Norm,Norm,1Fam,2Story,6,5,1992,1993,Gable,CompShg,VinylSd,VinylSd,None,0.0,TA,TA,PConc,Gd,TA,No,Unf,0,Unf,0,808,808,GasA,Gd,Y,SBrkr,808,785,0,1593,0,0,2,1,3,1,TA,7,Typ,1,TA,BuiltIn,1993.0,RFn,2,389,TA,TA,Y,342,40,0,0,0,0,0,12,2009,WD,Normal,178000
52,90,RM,110.0,8472,Grvl,IR2,Bnk,AllPub,Corner,Mod,IDOTRR,RRNn,Norm,Duplex,1Story,5,5,1963,1963,Gable,CompShg,Wd Sdng,Wd Sdng,None,0.0,Fa,TA,CBlock,Gd,TA,Gd,LwQ,104,GLQ,712,0,816,GasA,TA,N,SBrkr,816,0,0,816,1,0,1,0,2,1,TA,5,Typ,0,NF,CarPort,1963.0,Unf,2,516,TA,TA,Y,106,0,0,0,0,0,0,5,2010,WD,Normal,110000
1088,20,RL,74.0,5868,Pave,Reg,Lvl,AllPub,Inside,Gtl,NAmes,Norm,Norm,1Fam,1Story,5,7,1956,2000,Gable,CompShg,MetalSd,MetalSd,None,0.0,TA,TA,CBlock,TA,TA,No,BLQ,248,Rec,240,448,936,GasA,Ex,Y,SBrkr,936,0,0,936,1,0,1,0,2,1,TA,4,Typ,0,NF,Attchd,1956.0,Fin,1,308,TA,TA,Y,0,0,80,0,160,0,0,5,2010,WD,Normal,129000
145,160,RM,24.0,2522,Pave,Reg,Lvl,AllPub,Inside,Gtl,Edwards,Norm,Norm,Twnhs,2Story,6,5,2004,2006,Gable,CompShg,VinylSd,VinylSd,Stone,50.0,Gd,TA,PConc,Gd,TA,No,Unf,0,Unf,0,970,970,GasA,Ex,Y,SBrkr,970,739,0,1709,0,0,2,0,3,1,Gd,7,Maj1,0,NF,Detchd,2004.0,Unf,2,380,TA,TA,Y,0,40,0,0,0,0,0,4,2006,WD,Normal,130000
1114,30,RM,59.0,8263,Pave,Reg,Bnk,AllPub,Inside,Mod,IDOTRR,Norm,Norm,1Fam,1Story,6,5,1920,1950,Gable,CompShg,BrkFace,BrkFace,None,0.0,TA,TA,BrkTil,TA,TA,No,Unf,0,Unf,0,1012,1012,GasA,TA,Y,FuseA,1012,0,0,1012,0,0,1,0,2,1,TA,6,Typ,1,Gd,Detchd,1920.0,Unf,1,308,TA,TA,Y,0,22,112,0,0,0,0,5,2007,WD,Normal,118400
509,20,RL,75.0,14559,Pave,Reg,Lvl,AllPub,Inside,Gtl,NAmes,Norm,Norm,1Fam,1Story,5,7,1951,2000,Hip,CompShg,Wd Sdng,Wd Sdng,BrkCmn,70.0,Gd,TA,CBlock,TA,TA,No,BLQ,650,Rec,180,178,1008,GasA,Ex,Y,SBrkr,1363,0,0,1363,1,0,1,0,2,1,TA,6,Min1,2,TA,CarPort,1951.0,Unf,1,288,TA,TA,Y,324,42,0,0,168,0,2000,6,2009,WD,Normal,164900
61,75,RM,60.0,7200,Pave,Reg,Lvl,AllPub,Inside,Gtl,IDOTRR,Norm,Norm,1Fam,2.5Unf,5,7,1920,1996,Gable,CompShg,MetalSd,MetalSd,None,0.0,TA,TA,BrkTil,TA,Fa,No,Unf,0,Unf,0,530,530,GasA,TA,N,SBrkr,581,530,0,1111,0,0,1,0,3,1,Fa,6,Typ,0,NF,Detchd,1935.0,Unf,1,288,TA,TA,N,0,0,144,0,0,0,0,3,2007,WD,Normal,101000
1105,60,RL,80.0,10480,Pave,Reg,Lvl,AllPub,Inside,Gtl,NWAmes,Norm,Norm,1Fam,2Story,7,6,1976,1976,Hip,CompShg,Plywood,Plywood,BrkFace,660.0,TA,TA,CBlock,TA,TA,No,ALQ,403,Unf,0,400,803,GasA,TA,Y,SBrkr,1098,866,0,1964,0,0,2,1,4,1,TA,8,Typ,1,Gd,Attchd,1976.0,RFn,2,483,TA,TA,Y,0,69,0,0,0,0,0,9,2008,WD,Normal,205000
669,20,RL,60.0,11250,Pave,IR1,Lvl,AllPub,Inside,Gtl,Veenker,Norm,Norm,1Fam,1Story,6,6,1977,1977,Gable,CompShg,Plywood,Plywood,None,0.0,Gd,TA,CBlock,Gd,TA,No,ALQ,767,Unf,0,441,1208,GasA,TA,Y,SBrkr,1208,0,0,1208,1,0,1,1,3,1,TA,6,Typ,1,TA,Attchd,1977.0,RFn,2,546,TA,TA,Y,198,42,0,0,0,0,0,6,2006,WD,Normal,165000
1046,60,RL,100.0,9500,Pave,Reg,Lvl,AllPub,Corner,Gtl,NAmes,Artery,Norm,1Fam,2Story,6,6,1964,1978,Gable,CompShg,VinylSd,VinylSd,BrkCmn,272.0,TA,TA,CBlock,TA,TA,No,Rec,442,Unf,0,374,816,GasA,TA,Y,SBrkr,1127,850,0,1977,0,1,1,1,4,1,TA,9,Typ,1,TA,Attchd,1964.0,RFn,2,540,TA,TA,Y,0,52,0,0,0,0,0,6,2007,WD,Normal,165000
53,20,RL,68.0,50271,Pave,IR1,Low,AllPub,Inside,Gtl,Veenker,Norm,Norm,1Fam,1Story,9,5,1981,1987,Gable,WdShngl,WdShing,Wd Shng,None,0.0,Gd,TA,CBlock,Ex,TA,Gd,GLQ,1810,Unf,0,32,1842,GasA,Gd,Y,SBrkr,1842,0,0,1842,2,0,0,1,0,1,Gd,5,Typ,1,Gd,Attchd,1981.0,Fin,3,894,TA,TA,Y,857,72,0,0,0,0,0,11,2006,WD,Normal,385000
420,20,RL,60.0,16635,Pave,IR1,Lvl,AllPub,FR2,Gtl,NWAmes,Norm,Norm,1Fam,1Story,6,7,1977,2000,Gable,CompShg,CemntBd,CmentBd,Stone,126.0,Gd,TA,CBlock,Gd,TA,No,ALQ,1246,Unf,0,356,1602,GasA,Gd,Y,SBrkr,1602,0,0,1602,0,1,2,0,3,1,Gd,8,Typ,1,TA,Attchd,1977.0,Fin,2,529,TA,TA,Y,240,0,0,0,0,0,0,6,2009,WD,Normal,215000
1343,60,RL,70.0,9247,Pave,IR1,Lvl,AllPub,Inside,Gtl,NAmes,Norm,Norm,1Fam,2Story,6,6,1962,1962,Gable,CompShg,HdBoard,HdBoard,BrkFace,318.0,TA,TA,CBlock,TA,TA,No,Rec,319,Unf,0,539,858,GasA,Ex,Y,SBrkr,858,858,0,1716,0,0,1,1,4,1,TA,8,Typ,1,Gd,Attchd,1962.0,Fin,2,490,TA,TA,Y,0,84,0,0,120,0,0,3,2008,WD,Normal,171000
318,80,RL,60.0,14115,Pave,Reg,Lvl,AllPub,Inside,Gtl,NWAmes,Norm,Norm,1Fam,SLvl,7,5,1980,1980,Gable,CompShg,Plywood,Plywood,BrkFace,225.0,TA,TA,CBlock,Gd,TA,Av,GLQ,1036,Unf,0,336,1372,GasA,TA,Y,SBrkr,1472,0,0,1472,1,0,2,0,3,1,TA,6,Typ,2,TA,Attchd,1980.0,Unf,2,588,TA,TA,Y,233,48,0,0,0,0,0,6,2009,WD,Normal,187500
552,60,RL,85.0,10625,Pave,Reg,Lvl,AllPub,Inside,Gtl,NridgHt,Norm,Norm,1Fam,2Story,7,5,2003,2004,Gable,CompShg,VinylSd,VinylSd,BrkFace,292.0,Gd,TA,PConc,Gd,TA,No,GLQ,866,Unf,0,132,998,GasA,Ex,Y,SBrkr,1006,1040,0,2046,1,0,2,1,3,1,Gd,8,Typ,1,Gd,BuiltIn,2003.0,RFn,3,871,TA,TA,Y,320,62,0,0,0,0,0,8,2008,WD,Normal,284000
706,20,RL,60.0,7162,Pave,IR1,Lvl,AllPub,Inside,Gtl,Sawyer,Norm,Norm,1Fam,1Story,5,7,1966,1966,Gable,CompShg,HdBoard,HdBoard,BrkCmn,41.0,TA,TA,PConc,TA,TA,No,Unf,0,Unf,0,876,876,GasA,TA,Y,SBrkr,904,0,0,904,0,0,1,0,3,1,TA,6,Typ,0,NF,Attchd,1966.0,Unf,1,408,TA,TA,Y,0,0,0,0,0,0,0,12,2008,WD,Abnorml,109900
92,30,RL,80.0,13360,Pave,IR1,HLS,AllPub,Inside,Gtl,Crawfor,Norm,Norm,1Fam,1Story,5,7,1921,2006,Gable,CompShg,Wd Sdng,Wd Sdng,None,0.0,TA,Gd,BrkTil,Gd,TA,No,ALQ,713,Unf,0,163,876,GasA,Ex,Y,SBrkr,964,0,0,964,1,0,1,0,2,1,TA,5,Typ,0,NF,Detchd,1921.0,Unf,2,432,TA,TA,Y,0,0,44,0,0,0,0,8,2009,WD,Normal,163500
111,80,RL,60.0,7750,Pave,IR1,Lvl,AllPub,Inside,Gtl,Gilbert,Norm,Norm,1Fam,SLvl,7,5,2000,2000,Gable,CompShg,VinylSd,VinylSd,None,0.0,TA,TA,PConc,Gd,TA,No,GLQ,250,Unf,0,134,384,GasA,Ex,Y,SBrkr,774,656,0,1430,0,0,2,1,3,1,TA,7,Typ,1,TA,BuiltIn,2000.0,Fin,2,400,TA,TA,Y,180,0,0,0,0,0,0,4,2010,WD,Normal,180000
1059,60,RL,80.0,14000,Pave,Reg,Lvl,AllPub,Inside,Mod,ClearCr,Norm,Norm,1Fam,2Story,7,5,1996,1997,Gable,CompShg,Wd Sdng,Wd Sdng,None,0.0,Gd,TA,PConc,Ex,TA,Gd,GLQ,1201,Unf,0,105,1306,GasA,Ex,Y,SBrkr,1306,954,0,2260,1,0,2,1,3,1,Gd,7,Typ,0,NF,Attchd,1996.0,RFn,2,533,TA,TA,Y,296,44,0,0,0,0,0,4,2010,WD,Normal,328000
662,60,RL,106.0,11194,Pave,IR1,Lvl,AllPub,Corner,Gtl,Gilbert,Norm,Norm,1Fam,2Story,8,5,2000,2000,Gable,CompShg,VinylSd,VinylSd,BrkFace,40.0,Gd,TA,PConc,Gd,TA,No,Unf,0,Unf,0,1406,1406,GasA,Ex,Y,SBrkr,1454,482,0,1936,0,0,2,1,3,1,Gd,7,Typ,1,TA,Attchd,2000.0,RFn,2,504,TA,TA,Y,188,124,0,0,0,0,0,11,2006,WD,Normal,230500
1376,50,RM,40.0,5436,Pave,Reg,Lvl,AllPub,Inside,Gtl,IDOTRR,Norm,Norm,1Fam,1.5Fin,4,8,1922,2007,Gable,CompShg,VinylSd,VinylSd,None,0.0,TA,Gd,BrkTil,TA,TA,No,BLQ,735,Unf,0,61,796,GasA,Gd,Y,SBrkr,796,358,0,1154,1,0,1,0,3,1,Gd,7,Typ,0,NF,Detchd,1922.0,Unf,1,240,TA,TA,N,0,96,0,0,0,0,0,5,2010,WD,Normal,125500
9,190,RL,50.0,7420,Pave,Reg,Lvl,AllPub,Corner,Gtl,BrkSide,Artery,Artery,2fmCon,1.5Unf,5,6,1939,1950,Gable,CompShg,MetalSd,MetalSd,None,0.0,TA,TA,BrkTil,TA,TA,No,GLQ,851,Unf,0,140,991,GasA,Ex,Y,SBrkr,1077,0,0,1077,1,0,1,0,2,2,TA,5,Typ,2,TA,Attchd,1939.0,RFn,1,205,Gd,TA,Y,0,4,0,0,0,0,0,1,2008,WD,Normal,118000
532,60,RL,74.0,9056,Pave,IR1,Lvl,AllPub,Inside,Gtl,Gilbert,Norm,Norm,1Fam,2Story,8,5,2004,2004,Gable,CompShg,VinylSd,VinylSd,None,0.0,Gd,TA,PConc,Ex,Gd,Av,Unf,0,Unf,0,707,707,GasA,Ex,Y,SBrkr,707,707,0,1414,0,0,2,1,3,1,Gd,6,Typ,1,Gd,Attchd,2004.0,Fin,2,403,TA,TA,Y,100,35,0,0,0,0,0,10,2006,WD,Normal,178000
166,20,RL,60.0,10708,Pave,IR1,Lvl,AllPub,Inside,Gtl,ClearCr,Norm,Norm,1Fam,1Story,5,5,1955,1993,Hip,CompShg,Wd Sdng,Wd Sdng,None,0.0,Gd,TA,CBlock,TA,TA,No,LwQ,379,BLQ,768,470,1617,GasA,Ex,Y,FuseA,1867,0,0,1867,1,0,1,0,2,1,TA,7,Typ,3,Gd,Attchd,1955.0,Fin,1,303,TA,TA,Y,476,0,0,0,142,0,0,11,2009,COD,Normal,190000
912,160,RM,21.0,2001,Pave,Reg,Lvl,AllPub,Inside,Gtl,MeadowV,Norm,Norm,Twnhs,2Story,4,5,1970,1970,Gable,CompShg,CemntBd,CmentBd,BrkFace,80.0,TA,TA,CBlock,TA,TA,No,Unf,0,Unf,0,546,546,GasA,Fa,Y,SBrkr,546,546,0,1092,0,0,1,1,3,1,TA,6,Typ,0,NF,Attchd,1970.0,Unf,1,286,TA,TA,Y,0,0,0,0,0,0,0,1,2007,WD,Normal,75000
258,20,RM,70.0,12702,Pave,Reg,Lvl,AllPub,Inside,Gtl,OldTown,Norm,Norm,1Fam,1Story,5,5,1956,1956,Gable,CompShg,BrkFace,BrkFace,None,0.0,TA,TA,PConc,NB,NB,NB,NB,0,NB,0,0,0,GasA,Gd,Y,FuseA,882,0,0,882,0,0,1,0,2,1,TA,4,Typ,0,NF,Detchd,1956.0,Unf,1,308,TA,TA,Y,0,45,0,0,0,0,0,12,2008,WD,Normal,97000
818,20,RM,60.0,6000,Pave,Reg,Bnk,AllPub,Inside,Mod,OldTown,Norm,Norm,2fmCon,1Story,4,4,1953,1953,Gable,CompShg,MetalSd,MetalSd,None,0.0,Fa,TA,CBlock,Fa,TA,No,Unf,0,Unf,0,936,936,GasA,TA,N,SBrkr,936,0,0,936,0,0,1,0,2,1,TA,4,Min2,0,NF,Detchd,1974.0,Unf,2,576,TA,TA,Y,0,32,112,0,0,0,0,2,2009,WD,Normal,93000
335,20,RL,86.0,14157,Pave,IR1,HLS,AllPub,Corner,Gtl,StoneBr,Norm,Norm,1Fam,1Story,9,5,2005,2006,Hip,CompShg,VinylSd,VinylSd,Stone,200.0,Gd,TA,PConc,Ex,TA,Gd,GLQ,1249,Unf,0,673,1922,GasA,Ex,Y,SBrkr,1922,0,0,1922,1,0,2,0,3,1,Gd,8,Typ,1,Gd,Attchd,2005.0,Fin,3,676,TA,TA,Y,178,51,0,0,0,0,0,7,2007,WD,Normal,377426
1196,50,RM,50.0,6000,Pave,Reg,Lvl,AllPub,Corner,Gtl,BrkSide,Norm,Norm,1Fam,1.5Fin,5,8,1925,1997,Gable,CompShg,Wd Sdng,Wd Sdng,None,0.0,TA,TA,BrkTil,TA,TA,No,Unf,0,Unf,0,884,884,GasA,Ex,Y,SBrkr,884,464,0,1348,1,0,1,0,3,1,TA,5,Typ,1,Fa,Detchd,1960.0,Unf,1,216,TA,TA,N,0,0,208,0,0,0,0,5,2009,WD,Normal,117000
693,30,RM,50.0,6000,Pave,Reg,Lvl,AllPub,Inside,Gtl,BrkSide,Norm,Norm,1Fam,1Story,5,7,1921,1950,Gable,CompShg,Wd Sdng,Wd Shng,None,0.0,TA,TA,CBlock,TA,TA,No,LwQ,616,Unf,0,0,616,GasA,Gd,Y,SBrkr,616,0,0,616,0,0,1,0,2,1,TA,4,Typ,0,NF,Detchd,1921.0,Unf,1,205,TA,TA,Y,0,0,129,0,0,0,0,6,2006,WD,Normal,89000
403,60,RL,60.0,10364,Pave,IR1,Lvl,AllPub,Inside,Gtl,Gilbert,Norm,Norm,1Fam,2Story,6,5,1995,1996,Gable,CompShg,MetalSd,MetalSd,None,0.0,TA,TA,PConc,Gd,TA,No,Unf,0,Unf,0,806,806,GasA,Gd,Y,SBrkr,806,766,0,1572,0,0,2,1,3,1,TA,7,Typ,1,TA,BuiltIn,1995.0,Fin,2,373,TA,TA,Y,0,40,0,0,0,0,0,5,2007,WD,Normal,168000
1019,20,RL,70.0,7700,Pave,Reg,Lvl,AllPub,Corner,Gtl,CollgCr,Norm,Norm,1Fam,1Story,5,5,1972,1972,Gable,CompShg,VinylSd,VinylSd,None,0.0,TA,TA,CBlock,TA,TA,No,LwQ,138,Rec,468,276,882,GasA,TA,Y,SBrkr,882,0,0,882,1,0,1,0,3,1,TA,5,Typ,0,NF,Detchd,1980.0,Unf,2,461,TA,TA,Y,96,0,0,0,0,0,0,3,2007,WD,Normal,112500
1341,70,RM,50.0,5250,Pave,Reg,Lvl,AllPub,Inside,Gtl,OldTown,Norm,Norm,1Fam,2Story,8,5,1872,1987,Gable,CompShg,MetalSd,MetalSd,None,0.0,TA,Gd,BrkTil,TA,Fa,No,LwQ,259,Unf,0,425,684,OthW,Fa,N,SBrkr,938,1215,205,2358,0,0,2,0,4,1,TA,8,Typ,0,NF,NG,NG,NG,0,0,NG,NG,Y,0,54,20,0,0,0,0,12,2008,WD,Normal,122000
13,20,RL,91.0,10652,Pave,IR1,Lvl,AllPub,Inside,Gtl,CollgCr,Norm,Norm,1Fam,1Story,7,5,2006,2007,Gable,CompShg,VinylSd,VinylSd,Stone,306.0,Gd,TA,PConc,Gd,TA,Av,Unf,0,Unf,0,1494,1494,GasA,Ex,Y,SBrkr,1494,0,0,1494,0,0,2,0,3,1,Gd,7,Typ,1,Gd,Attchd,2006.0,RFn,3,840,TA,TA,Y,160,33,0,0,0,0,0,8,2007,New,Partial,279500
274,50,RL,55.0,7264,Pave,Reg,Lvl,AllPub,Inside,Gtl,BrkSide,Norm,Norm,1Fam,1.5Fin,7,7,1925,2007,Gable,CompShg,Wd Sdng,Wd Sdng,None,0.0,Gd,Gd,BrkTil,TA,TA,No,Unf,0,Unf,0,952,952,GasW,Gd,N,SBrkr,952,596,0,1548,0,0,2,1,3,1,Ex,5,Typ,0,NF,Detchd,1978.0,Unf,2,672,TA,TA,Y,74,0,0,0,144,0,0,10,2009,WD,Normal,205000
782,20,RL,60.0,9790,Pave,Reg,Lvl,AllPub,Inside,Gtl,NWAmes,Feedr,Norm,1Fam,1Story,6,5,1967,1967,Gable,CompShg,BrkFace,Wd Sdng,None,0.0,TA,TA,CBlock,TA,TA,No,Rec,251,LwQ,630,491,1372,GasA,TA,Y,SBrkr,1342,0,0,1342,0,0,2,0,3,1,TA,7,Typ,1,Gd,Attchd,1967.0,Unf,2,457,TA,TA,Y,0,0,0,0,197,0,0,9,2009,WD,Normal,161500
685,20,RL,60.0,8089,Pave,Reg,HLS,AllPub,Inside,Gtl,StoneBr,Norm,Norm,1Fam,1Story,8,6,2007,2007,Gable,CompShg,MetalSd,MetalSd,BrkFace,0.0,Gd,TA,PConc,Gd,TA,Av,GLQ,945,Unf,0,474,1419,GasA,Ex,Y,SBrkr,1419,0,0,1419,1,0,2,0,2,1,Gd,7,Typ,1,Gd,Attchd,2007.0,RFn,2,567,TA,TA,Y,140,0,0,0,0,0,0,10,2007,New,Partial,392000
811,50,RL,45.0,8248,Pave,Reg,Lvl,AllPub,Inside,Gtl,Edwards,Norm,Norm,1Fam,1.5Fin,5,7,1918,1950,Gable,CompShg,Stucco,Stucco,None,0.0,TA,TA,BrkTil,TA,TA,No,Unf,0,Unf,0,686,686,GasW,Gd,Y,SBrkr,686,564,0,1250,0,1,1,1,3,1,Fa,7,Typ,0,NF,Detchd,1955.0,Unf,1,280,TA,TA,P,207,0,96,0,0,0,0,7,2006,WD,Normal,116000
1263,40,RL,60.0,23595,Pave,Reg,Low,AllPub,Inside,Sev,ClearCr,Norm,Norm,1Fam,1Story,7,6,1979,1979,Shed,WdShake,Plywood,Plywood,None,0.0,Gd,TA,PConc,Gd,TA,Gd,GLQ,1258,Unf,0,74,1332,GasA,TA,Y,SBrkr,1332,192,0,1524,2,0,0,1,0,1,Gd,4,Typ,1,TA,Attchd,1979.0,Fin,2,586,TA,TA,Y,268,0,0,0,0,0,0,4,2010,WD,Normal,260000
49,20,RL,66.0,7742,Pave,Reg,Lvl,AllPub,Inside,Gtl,Sawyer,Norm,Norm,1Fam,1Story,5,7,1966,1966,Gable,CompShg,HdBoard,HdBoard,None,0.0,TA,TA,CBlock,TA,TA,No,BLQ,763,Unf,0,192,955,GasA,Ex,Y,SBrkr,955,0,0,955,1,0,1,0,3,1,TA,6,Typ,0,NF,Attchd,1966.0,Unf,1,386,TA,TA,Y,0,0,0,0,0,0,0,1,2007,WD,Normal,127000
1072,120,RM,37.0,4435,Pave,Reg,Lvl,AllPub,Inside,Gtl,CollgCr,Norm,Norm,TwnhsE,1Story,6,5,2004,2004,Gable,CompShg,VinylSd,VinylSd,BrkFace,169.0,Gd,TA,PConc,Gd,TA,Mn,GLQ,662,Unf,0,186,848,GasA,Ex,Y,SBrkr,848,0,0,848,1,0,1,0,1,1,Gd,3,Typ,1,Gd,Attchd,2004.0,RFn,2,420,TA,TA,Y,140,0,0,0,0,0,0,5,2006,WD,Normal,155900
847,120,RM,36.0,4435,Pave,Reg,Lvl,AllPub,Inside,Gtl,CollgCr,Norm,Norm,TwnhsE,1Story,6,5,2003,2003,Gable,CompShg,VinylSd,VinylSd,BrkFace,170.0,Gd,TA,PConc,Gd,TA,Av,GLQ,659,Unf,0,189,848,GasA,Ex,Y,SBrkr,848,0,0,848,1,0,1,0,1,1,Gd,3,Typ,0,NF,Attchd,2003.0,Fin,2,420,TA,TA,Y,140,0,0,0,0,0,0,11,2007,WD,Normal,131500
421,20,RL,100.0,21750,Pave,Reg,HLS,AllPub,Inside,Mod,Mitchel,Artery,Norm,1Fam,1Story,5,5,1954,1954,Hip,CompShg,HdBoard,HdBoard,None,0.0,TA,TA,CBlock,TA,TA,No,Unf,0,Unf,0,988,988,GasA,Ex,Y,FuseA,988,0,0,988,0,0,1,0,2,1,TA,4,Typ,0,NF,Attchd,1954.0,RFn,2,520,TA,TA,N,0,0,0,0,0,0,0,2,2008,WD,Normal,113000
311,190,RM,65.0,7800,Pave,Reg,Lvl,AllPub,Inside,Gtl,OldTown,Artery,Norm,2fmCon,1.5Fin,5,7,1939,1950,Gable,CompShg,MetalSd,MetalSd,None,0.0,TA,TA,CBlock,Gd,TA,Mn,Rec,507,Unf,0,286,793,GasA,TA,Y,SBrkr,793,325,0,1118,1,0,1,0,3,1,TA,5,Typ,1,Gd,Detchd,1939.0,Unf,2,410,TA,TA,Y,0,0,0,0,271,0,0,5,2006,WD,Normal,119900
1135,60,RL,60.0,10304,Pave,IR1,Lvl,AllPub,CulDSac,Gtl,NWAmes,PosN,Norm,1Fam,2Story,5,7,1976,1976,Gable,CompShg,Plywood,Plywood,BrkFace,44.0,TA,Gd,CBlock,TA,TA,No,ALQ,381,Unf,0,399,780,GasA,Ex,Y,SBrkr,1088,780,0,1868,1,0,2,1,4,1,Gd,9,Typ,1,TA,Attchd,1976.0,Unf,2,484,TA,TA,Y,448,96,0,0,0,0,0,10,2009,WD,Normal,197500
1233,20,RL,64.0,9037,Pave,IR1,HLS,AllPub,Inside,Gtl,Timber,Norm,Norm,1Fam,1Story,8,5,2006,2006,Hip,CompShg,VinylSd,VinylSd,BrkFace,32.0,Gd,TA,PConc,Gd,TA,Av,GLQ,428,Unf,0,1048,1476,GasA,Ex,Y,SBrkr,1484,0,0,1484,0,0,2,0,2,1,Ex,6,Typ,1,Gd,Attchd,2006.0,RFn,2,472,TA,TA,Y,120,33,0,0,0,0,0,12,2007,WD,Normal,265900
824,20,RL,65.0,8529,Pave,IR1,Lvl,AllPub,Inside,Gtl,SawyerW,Norm,Norm,1Fam,1Story,7,5,2001,2001,Gable,CompShg,VinylSd,VinylSd,None,0.0,Gd,TA,PConc,Gd,TA,No,GLQ,20,Unf,0,1434,1454,GasA,Ex,Y,SBrkr,1434,0,0,1434,0,0,2,0,3,1,Gd,6,Typ,1,TA,Attchd,2001.0,RFn,2,527,TA,TA,Y,290,39,0,0,0,0,0,4,2009,WD,Normal,189000
1079,85,RL,73.0,9069,Pave,Reg,Lvl,AllPub,Inside,Gtl,SawyerW,Norm,Norm,1Fam,SFoyer,6,6,1992,1992,Gable,CompShg,HdBoard,HdBoard,None,0.0,TA,TA,PConc,Gd,TA,Av,GLQ,747,Unf,0,189,936,GasA,Ex,Y,SBrkr,996,0,0,996,1,0,1,0,2,1,Gd,5,Typ,0,NF,Attchd,1992.0,Unf,2,564,TA,TA,Y,120,0,0,0,0,0,0,4,2010,WD,Normal,147000
426,20,RL,77.0,8593,Pave,IR1,Lvl,AllPub,Inside,Gtl,NAmes,Norm,Norm,1Fam,1Story,4,6,1957,1957,Hip,CompShg,MetalSd,MetalSd,None,0.0,TA,TA,CBlock,TA,TA,No,Rec,288,Unf,0,619,907,GasA,Ex,Y,SBrkr,907,0,0,907,0,0,1,0,3,1,TA,5,Typ,0,NF,Detchd,1964.0,Unf,1,352,TA,TA,Y,0,0,0,0,0,0,0,7,2008,WD,Normal,109008
785,20,RM,50.0,6000,Pave,Reg,Lvl,AllPub,Corner,Gtl,OldTown,Norm,Norm,1Fam,1Story,4,7,1954,2000,Gable,CompShg,MetalSd,MetalSd,None,0.0,TA,TA,CBlock,TA,TA,No,Unf,0,Unf,0,901,901,GasA,Ex,Y,SBrkr,901,0,0,901,0,0,1,0,2,1,TA,4,Typ,0,NF,Detchd,1954.0,Unf,1,281,Fa,TA,Y,0,0,0,0,0,0,0,8,2008,WD,Normal,107900
201,20,RL,75.0,10125,Pave,Reg,Lvl,AllPub,Inside,Gtl,Mitchel,Norm,Norm,1Fam,1Story,6,6,1977,1977,Gable,CompShg,Plywood,Plywood,None,0.0,TA,TA,CBlock,TA,TA,No,ALQ,641,LwQ,279,276,1196,GasA,TA,Y,SBrkr,1279,0,0,1279,0,1,2,0,3,1,TA,6,Typ,2,Fa,Detchd,1980.0,Unf,2,473,TA,TA,Y,238,83,0,0,0,0,0,2,2008,WD,Normal,171500
1414,80,RL,60.0,19690,Pave,IR1,Lvl,AllPub,CulDSac,Gtl,Edwards,Norm,Norm,1Fam,SLvl,6,7,1966,1966,Flat,Tar&Grv,Plywood,Plywood,None,0.0,Gd,Gd,CBlock,Gd,TA,Av,Unf,0,Unf,0,697,697,GasA,TA,Y,SBrkr,1575,626,0,2201,0,0,2,0,4,1,Gd,8,Typ,1,Gd,Attchd,1966.0,Unf,2,432,Gd,Gd,Y,586,236,0,0,0,738,0,8,2006,WD,Alloca,274970
967,160,RL,36.0,2268,Pave,Reg,Lvl,AllPub,Inside,Gtl,NridgHt,Norm,Norm,Twnhs,2Story,7,5,2003,2004,Gable,CompShg,VinylSd,Wd Shng,Stone,106.0,Gd,TA,PConc,Gd,TA,No,GLQ,567,Unf,0,197,764,GasA,Ex,Y,SBrkr,764,862,0,1626,0,0,2,0,2,1,Gd,6,Typ,0,NF,BuiltIn,2003.0,RFn,2,474,TA,TA,Y,0,27,0,0,0,0,0,7,2009,WD,Normal,173000
1153,60,RL,76.0,9120,Pave,Reg,Lvl,AllPub,Inside,Gtl,NWAmes,Norm,Norm,1Fam,2Story,6,6,1974,1974,Hip,CompShg,HdBoard,HdBoard,BrkFace,270.0,Gd,TA,CBlock,TA,TA,No,ALQ,442,Unf,0,459,901,GasA,TA,Y,SBrkr,943,933,0,1876,0,0,2,1,4,1,Gd,8,Typ,1,TA,Attchd,1974.0,RFn,2,540,Gd,TA,Y,0,69,0,0,0,0,0,7,2008,WD,Normal,185000
156,20,RL,60.0,7200,Pave,Reg,Lvl,AllPub,Inside,Gtl,NAmes,Norm,Norm,1Fam,1Story,5,7,1950,1950,Hip,CompShg,Wd Sdng,Wd Sdng,None,0.0,TA,TA,CBlock,NB,NB,NB,NB,0,NB,0,0,0,GasA,TA,Y,FuseF,1040,0,0,1040,0,0,1,0,2,1,TA,5,Typ,0,NF,Detchd,1950.0,Unf,2,625,TA,TA,Y,0,0,0,0,0,0,0,6,2006,WD,Normal,109500
823,45,RM,50.0,6130,Pave,Reg,Lvl,AllPub,Inside,Gtl,BrkSide,Norm,Norm,1Fam,1.5Unf,5,6,1924,1950,Gable,CompShg,MetalSd,MetalSd,None,0.0,TA,TA,BrkTil,TA,TA,No,ALQ,784,Unf,0,0,784,GasA,Gd,Y,SBrkr,784,0,0,784,1,0,1,0,2,1,Gd,5,Typ,0,NF,NG,NG,NG,0,0,NG,NG,Y,0,0,116,0,0,0,0,5,2008,WD,Normal,109500
1271,50,C (all),60.0,7500,Pave,Reg,Lvl,AllPub,Inside,Gtl,IDOTRR,Norm,Norm,1Fam,1.5Fin,4,4,1920,1950,Gable,CompShg,MetalSd,MetalSd,None,0.0,TA,Gd,CBlock,TA,TA,No,Unf,0,Unf,0,698,698,GasA,TA,Y,FuseA,698,430,0,1128,0,0,1,0,2,1,TA,6,Typ,0,NF,Detchd,1980.0,RFn,2,528,TA,TA,Y,30,0,164,0,0,0,0,4,2010,COD,Abnorml,68400
105,60,FV,75.0,9375,Pave,Reg,Lvl,AllPub,Inside,Gtl,Somerst,Norm,Norm,1Fam,2Story,8,5,2003,2004,Hip,CompShg,VinylSd,VinylSd,BrkFace,768.0,Gd,TA,PConc,Ex,TA,No,Unf,0,Unf,0,1053,1053,GasA,Ex,Y,SBrkr,1053,939,0,1992,0,0,2,1,3,1,Gd,9,Typ,1,Gd,Attchd,2003.0,RFn,2,648,TA,TA,Y,140,45,0,0,0,0,0,8,2008,WD,Normal,250000
96,20,RL,78.0,10264,Pave,IR1,Lvl,AllPub,Inside,Gtl,CollgCr,Norm,Norm,1Fam,1Story,7,5,1999,1999,Gable,CompShg,VinylSd,VinylSd,BrkFace,183.0,Gd,TA,PConc,Gd,TA,Av,ALQ,1162,Unf,0,426,1588,GasA,Ex,Y,SBrkr,1588,0,0,1588,0,0,2,0,3,1,Gd,6,Typ,0,NF,Attchd,1999.0,RFn,2,472,TA,TA,Y,158,29,0,0,0,0,0,8,2006,WD,Normal,214000
225,160,RM,21.0,1680,Pave,Reg,Lvl,AllPub,Inside,Gtl,BrDale,Norm,Norm,Twnhs,2Story,5,5,1971,1971,Gable,CompShg,HdBoard,HdBoard,BrkFace,142.0,TA,TA,CBlock,TA,TA,No,Unf,0,Unf,0,630,630,GasA,TA,Y,SBrkr,630,672,0,1302,0,0,2,1,3,1,TA,6,Typ,0,NF,Detchd,1991.0,Unf,1,280,TA,TA,Y,0,0,0,0,0,0,0,5,2009,COD,Abnorml,112000
682,160,RL,60.0,5062,Pave,IR1,Lvl,AllPub,CulDSac,Gtl,StoneBr,Norm,Norm,TwnhsE,2Story,7,5,1984,1984,Gable,CompShg,HdBoard,HdBoard,None,0.0,Gd,TA,CBlock,Gd,TA,Mn,GLQ,828,LwQ,182,180,1190,GasA,Gd,Y,SBrkr,1190,900,0,2090,1,0,2,0,3,1,Gd,6,Min1,1,TA,Attchd,1984.0,Fin,2,577,TA,TA,Y,219,0,0,0,0,0,0,9,2007,WD,Normal,207500
673,70,RM,60.0,9600,Pave,Reg,Lvl,AllPub,Inside,Gtl,OldTown,Norm,Norm,1Fam,2Story,4,2,1900,1950,Gable,CompShg,AsbShng,Stucco,None,0.0,TA,TA,BrkTil,TA,Fa,No,Unf,0,Unf,0,1095,1095,GasW,Fa,N,SBrkr,1095,679,0,1774,1,0,2,0,4,2,TA,8,Min2,0,NF,2Types,1920.0,Unf,3,779,Fa,Fa,N,0,0,90,0,0,0,0,5,2006,WD,Normal,87000
531,20,RL,50.0,5000,Pave,Reg,Low,AllPub,Inside,Mod,BrkSide,Norm,Norm,1Fam,1Story,1,3,1946,1950,Gable,CompShg,VinylSd,VinylSd,None,0.0,Fa,Fa,Slab,NB,NB,NB,NB,0,NB,0,0,0,GasA,Fa,N,FuseF,334,0,0,334,0,0,1,0,1,1,Fa,2,Typ,0,NF,NG,NG,NG,0,0,NG,NG,N,0,0,0,0,0,0,0,1,2007,WD,Normal,39300
1110,80,RL,60.0,7750,Pave,Reg,Lvl,AllPub,Inside,Gtl,Gilbert,Norm,Norm,1Fam,SLvl,8,5,2002,2002,Hip,CompShg,VinylSd,VinylSd,None,0.0,Gd,TA,PConc,Gd,TA,No,GLQ,353,Unf,0,55,408,GasA,Ex,Y,SBrkr,779,640,0,1419,1,0,2,1,3,1,Gd,7,Typ,1,TA,BuiltIn,2002.0,Fin,2,527,TA,TA,Y,120,0,0,0,0,0,0,3,2009,WD,Normal,184100
237,20,RL,93.0,12030,Pave,Reg,Lvl,AllPub,Inside,Gtl,NridgHt,Norm,Norm,1Fam,1Story,8,5,2007,2007,Hip,CompShg,VinylSd,VinylSd,BrkFace,254.0,Ex,TA,PConc,Ex,TA,No,Unf,0,Unf,0,1694,1694,GasA,Ex,Y,SBrkr,1694,0,0,1694,0,0,2,0,3,1,Gd,7,Typ,0,NF,Attchd,2007.0,Fin,3,818,TA,TA,Y,168,228,0,0,0,0,0,12,2007,New,Partial,318000
1257,120,RH,34.0,4060,Pave,Reg,Lvl,AllPub,Inside,Gtl,NAmes,Norm,Norm,TwnhsE,1Story,6,5,1998,1999,Gable,CompShg,MetalSd,MetalSd,None,0.0,Gd,TA,PConc,Gd,TA,No,GLQ,266,Unf,0,1139,1405,GasA,Ex,Y,SBrkr,1337,0,0,1337,1,0,2,0,2,1,Gd,5,Typ,0,NF,Attchd,1998.0,Fin,2,511,TA,TA,Y,144,68,0,0,0,0,0,8,2008,COD,Abnorml,181000
214,60,RL,60.0,10900,Pave,IR1,Lvl,AllPub,FR2,Gtl,CollgCr,Norm,Norm,1Fam,2Story,6,7,1977,1977,Gable,CompShg,HdBoard,HdBoard,BrkFace,153.0,TA,TA,CBlock,Gd,TA,No,GLQ,378,Unf,0,311,689,GasA,Ex,Y,SBrkr,689,703,0,1392,0,0,1,1,3,1,TA,6,Typ,0,NF,Attchd,1977.0,Fin,1,299,TA,TA,Y,0,36,0,0,0,0,450,3,2010,WD,Normal,161750
609,80,RL,60.0,10395,Pave,IR1,Lvl,AllPub,FR2,Gtl,NWAmes,Norm,Norm,1Fam,SLvl,6,6,1978,1978,Gable,CompShg,HdBoard,HdBoard,BrkFace,233.0,TA,TA,CBlock,Gd,TA,Av,ALQ,605,Unf,0,427,1032,GasA,TA,Y,SBrkr,1032,0,0,1032,0,1,2,0,3,1,TA,6,Typ,1,TA,Attchd,1978.0,Unf,2,564,TA,TA,Y,0,0,0,0,0,0,500,7,2007,WD,Normal,148000
256,20,RL,68.0,8814,Pave,Reg,Lvl,AllPub,Inside,Gtl,CollgCr,Norm,Norm,1Fam,1Story,7,5,2006,2006,Gable,CompShg,VinylSd,VinylSd,Stone,180.0,Gd,TA,PConc,Gd,TA,No,GLQ,1334,Unf,0,270,1604,GasA,Ex,Y,SBrkr,1604,0,0,1604,1,0,2,1,3,1,Gd,8,Typ,1,Gd,Attchd,2006.0,RFn,2,660,TA,TA,Y,123,110,0,0,0,0,0,3,2009,WD,Abnorml,220000
172,160,RL,44.0,5306,Pave,IR1,Lvl,AllPub,Inside,Gtl,StoneBr,Norm,Norm,TwnhsE,2Story,7,7,1987,1987,Gable,CompShg,HdBoard,HdBoard,None,0.0,Gd,Gd,PConc,Gd,Gd,No,GLQ,495,Rec,215,354,1064,GasA,Gd,Y,SBrkr,1064,703,0,1767,1,0,2,0,2,1,Gd,5,Typ,1,TA,Attchd,1987.0,RFn,2,504,Gd,TA,Y,441,35,0,0,0,0,0,6,2006,WD,Normal,239000
334,190,RL,60.0,164660,Grvl,IR1,HLS,AllPub,Corner,Sev,Timber,Norm,Norm,2fmCon,1.5Fin,5,6,1965,1965,Gable,CompShg,Plywood,Plywood,None,0.0,TA,TA,CBlock,TA,TA,Gd,ALQ,1249,BLQ,147,103,1499,GasA,Ex,Y,SBrkr,1619,167,0,1786,2,0,2,0,3,1,TA,7,Typ,2,Gd,Attchd,1965.0,Fin,2,529,TA,TA,Y,670,0,0,0,0,0,700,8,2008,WD,Normal,228950
